comparison_panel_configurations,panel_solving_configurations,stratum,target_model_family,task_name
36,33,common,claude-fable-5,abs-module-cache-flags
36,31,common,claude-fable-5,abs-stepped-slices
36,35,common,claude-fable-5,actionlint-action-pinning-lint
36,26,contested,claude-fable-5,adaptix-name-mapping-aliases
36,28,common,claude-fable-5,aiomonitor-task-snapshots-diff
36,32,common,claude-fable-5,anko-default-function-arguments
36,22,contested,claude-fable-5,anko-typed-variable-bindings
36,31,common,claude-fable-5,arcane-drift-detection-baselines
36,28,common,claude-fable-5,arktype-json-schema-refs-dependencies
36,23,contested,claude-fable-5,awilix-async-container-initialization
36,24,contested,claude-fable-5,bandit-incremental-cache-control
36,27,contested,claude-fable-5,bandit-interprocedural-taint-checks
36,5,rare,claude-fable-5,bandit-structured-nosec-directives
36,25,contested,claude-fable-5,boa-hierarchical-evaluation-cancellation
36,30,common,claude-fable-5,cattrs-partial-structuring-recovery
36,19,contested,claude-fable-5,clack-async-autocomplete-options
36,34,common,claude-fable-5,claude-code-by-agents-recursive-delegation
36,26,contested,claude-fable-5,cliffy-config-file-parsing
36,20,contested,claude-fable-5,csstree-shorthand-expansion-compression
36,22,contested,claude-fable-5,dasel-html-document-format
36,20,contested,claude-fable-5,dateutil-rfc5545-timezone-interop
36,34,common,claude-fable-5,drizzle-orm-window-function-builders
36,30,common,claude-fable-5,dynamodb-toolbox-conditional-attribute-requirements
36,29,common,claude-fable-5,dynamodb-toolbox-lazy-recursive-schemas
36,15,rare,claude-fable-5,effect-sse-httpapi-streaming
36,16,rare,claude-fable-5,eicrud-keyset-pagination-cursor
36,29,common,claude-fable-5,etree-xml-diff-patch
36,15,rare,claude-fable-5,expr-try-catch-errors
36,27,contested,claude-fable-5,fastapi-deprecation-response-headers
36,29,common,claude-fable-5,fastapi-implicit-head-options
36,29,common,claude-fable-5,fd-deterministic-multi-key-sorting
36,32,common,claude-fable-5,geo-shapeindex-serialization
36,28,common,claude-fable-5,go-critic-doc-link-checker
36,30,common,claude-fable-5,go-genai-streamed-function-args
36,27,contested,claude-fable-5,go-git-worktree-merge-conflicts
36,35,common,claude-fable-5,goreleaser-retry-publish-auditing
36,4,rare,claude-fable-5,gql-incremental-graphql-delivery
36,35,common,claude-fable-5,happy-dom-abort-pending-body-reads
36,20,contested,claude-fable-5,happy-dom-deterministic-intersectionobserver
36,13,rare,claude-fable-5,helm-array-merge-strategies
36,33,common,claude-fable-5,helm-unified-manifest-stream
36,34,common,claude-fable-5,httpx-deterministic-cookie-store
36,31,common,claude-fable-5,httpx-multipart-response-parsing
36,29,common,claude-fable-5,httpx-streaming-json-iteration
36,26,contested,claude-fable-5,igel-persist-feature-schema
36,23,contested,claude-fable-5,ink-grid-box-layout
36,30,common,claude-fable-5,ipython-session-bundle-replay
36,18,rare,claude-fable-5,katex-multicolumn-array-spans
36,33,common,claude-fable-5,kcp-go-multiplexed-kcp-streams
36,20,contested,claude-fable-5,kea-atomic-signal-selectors
36,21,contested,claude-fable-5,kgateway-consistent-hash-policy
36,26,contested,claude-fable-5,kombu-single-active-consumer-priority
36,11,rare,claude-fable-5,kombu-virtual-queue-dead-lettering
36,20,contested,claude-fable-5,koota-composite-trait-aspects
36,18,rare,claude-fable-5,koota-deferred-mutation-buffer
36,32,common,claude-fable-5,koota-entity-snapshot-rollback
36,10,rare,claude-fable-5,koota-pair-relation-tracking
36,12,rare,claude-fable-5,koota-query-predicates
36,30,common,claude-fable-5,kysely-window-grouping-helpers
36,23,contested,claude-fable-5,langchain-request-coalescing
36,24,contested,claude-fable-5,mashumaro-flattened-dataclass-fields
36,18,rare,claude-fable-5,meriyah-explicit-resource-declarations
36,28,common,claude-fable-5,mnamer-daemon-watch-lifecycle
36,27,contested,claude-fable-5,mobly-grouped-test-barriers
36,33,common,claude-fable-5,narwhals-rolling-window-suite
36,29,common,claude-fable-5,numba-stencil-boundary-modes
36,0,rare,claude-fable-5,obsidian-linter-auto-table-of-contents
36,26,contested,claude-fable-5,obsidian-linter-link-format-conversion
36,31,common,claude-fable-5,obsidian-linter-scoped-ignore-markers
36,33,common,claude-fable-5,ofetch-per-origin-circuit-breaker
36,22,contested,claude-fable-5,onedump-dump-encryption-pipeline
36,31,common,claude-fable-5,opa-rego-rule-profiling
36,29,common,claude-fable-5,opa-template-string-reconstruction
36,20,contested,claude-fable-5,optique-conditional-option-dependencies
36,7,rare,claude-fable-5,oxvg-structural-selector-preservation
36,16,rare,claude-fable-5,participle-grammar-conflict-analysis
36,26,contested,claude-fable-5,pebble-durability-wait-apis
36,11,rare,claude-fable-5,pest-character-class-coalescing
36,17,rare,claude-fable-5,prometheus-transactional-reload-status
36,28,common,claude-fable-5,prometheus-typed-label-sorting
36,32,common,claude-fable-5,psd-tools-blend-range-api
36,26,contested,claude-fable-5,pwntools-tube-multiplexing
36,16,rare,claude-fable-5,python-statemachine-state-data-scoping
36,35,common,claude-fable-5,query-persist-restored-query-state
36,22,contested,claude-fable-5,quill-shared-toolbar-focus
36,32,common,claude-fable-5,returns-validated-error-accumulation
36,32,common,claude-fable-5,scc-bounded-memory-spilling
36,24,contested,claude-fable-5,scriggo-method-declarations
36,27,contested,claude-fable-5,skrub-duration-encoding
36,34,common,claude-fable-5,sql-formatter-bigquery-pipe-formatting
36,20,contested,claude-fable-5,sqlfmt-create-table-ddl-formatting
36,27,contested,claude-fable-5,sqlite-utils-safe-import-checkpoints
36,21,contested,claude-fable-5,superjson-error-stack-serialization
36,33,common,claude-fable-5,task-task-graph-export
36,30,common,claude-fable-5,tengo-callable-instance-isolation
36,23,contested,claude-fable-5,tengo-destructuring-bindings
36,17,rare,claude-fable-5,termenv-preserve-ansi-resets
36,8,rare,claude-fable-5,testem-bail-on-test-failure
36,27,contested,claude-fable-5,testem-per-launcher-reports
36,17,rare,claude-fable-5,textual-kitty-key-phases
36,30,common,claude-fable-5,textual-richlog-follow-state
36,26,contested,claude-fable-5,tomlkit-toml-table-converters
36,35,common,claude-fable-5,true-myth-iterable-collection-combinators
36,35,common,claude-fable-5,ts-pattern-match-each
36,11,rare,claude-fable-5,updo-policy-alerting
36,30,common,claude-fable-5,valibot-recursive-schema-composition
36,31,common,claude-fable-5,vitest-duration-sharding
36,28,common,claude-fable-5,vulture-persistent-analysis-cache
36,25,contested,claude-fable-5,wasmi-trap-coredumps
36,34,common,claude-fable-5,wazero-multi-module-snapshots
36,35,common,claude-fable-5,yaegi-go-embed-directives
36,33,common,claude-fable-5,yjs-map-conflict-detection
36,34,common,claude-fable-5,ytt-jsonpath-query-api
36,32,common,claude-opus-4-8,abs-module-cache-flags
36,31,common,claude-opus-4-8,abs-stepped-slices
36,35,common,claude-opus-4-8,actionlint-action-pinning-lint
36,26,contested,claude-opus-4-8,adaptix-name-mapping-aliases
36,28,common,claude-opus-4-8,aiomonitor-task-snapshots-diff
36,32,common,claude-opus-4-8,anko-default-function-arguments
36,23,contested,claude-opus-4-8,anko-typed-variable-bindings
36,31,common,claude-opus-4-8,arcane-drift-detection-baselines
36,26,contested,claude-opus-4-8,arktype-json-schema-refs-dependencies
36,26,contested,claude-opus-4-8,awilix-async-container-initialization
36,24,contested,claude-opus-4-8,bandit-incremental-cache-control
36,27,contested,claude-opus-4-8,bandit-interprocedural-taint-checks
36,6,rare,claude-opus-4-8,bandit-structured-nosec-directives
36,25,contested,claude-opus-4-8,boa-hierarchical-evaluation-cancellation
36,31,common,claude-opus-4-8,cattrs-partial-structuring-recovery
36,20,contested,claude-opus-4-8,clack-async-autocomplete-options
36,33,common,claude-opus-4-8,claude-code-by-agents-recursive-delegation
36,27,contested,claude-opus-4-8,cliffy-config-file-parsing
36,19,contested,claude-opus-4-8,csstree-shorthand-expansion-compression
36,22,contested,claude-opus-4-8,dasel-html-document-format
36,20,contested,claude-opus-4-8,dateutil-rfc5545-timezone-interop
36,34,common,claude-opus-4-8,drizzle-orm-window-function-builders
36,30,common,claude-opus-4-8,dynamodb-toolbox-conditional-attribute-requirements
36,29,common,claude-opus-4-8,dynamodb-toolbox-lazy-recursive-schemas
36,16,rare,claude-opus-4-8,effect-sse-httpapi-streaming
36,17,rare,claude-opus-4-8,eicrud-keyset-pagination-cursor
36,29,common,claude-opus-4-8,etree-xml-diff-patch
36,18,rare,claude-opus-4-8,expr-try-catch-errors
36,29,common,claude-opus-4-8,fastapi-deprecation-response-headers
36,28,common,claude-opus-4-8,fastapi-implicit-head-options
36,31,common,claude-opus-4-8,fd-deterministic-multi-key-sorting
36,34,common,claude-opus-4-8,geo-shapeindex-serialization
36,29,common,claude-opus-4-8,go-critic-doc-link-checker
36,31,common,claude-opus-4-8,go-genai-streamed-function-args
36,28,common,claude-opus-4-8,go-git-worktree-merge-conflicts
36,35,common,claude-opus-4-8,goreleaser-retry-publish-auditing
36,3,rare,claude-opus-4-8,gql-incremental-graphql-delivery
36,35,common,claude-opus-4-8,happy-dom-abort-pending-body-reads
36,23,contested,claude-opus-4-8,happy-dom-deterministic-intersectionobserver
36,9,rare,claude-opus-4-8,helm-array-merge-strategies
36,33,common,claude-opus-4-8,helm-unified-manifest-stream
36,34,common,claude-opus-4-8,httpx-deterministic-cookie-store
36,32,common,claude-opus-4-8,httpx-multipart-response-parsing
36,29,common,claude-opus-4-8,httpx-streaming-json-iteration
36,26,contested,claude-opus-4-8,igel-persist-feature-schema
36,27,contested,claude-opus-4-8,ink-grid-box-layout
36,31,common,claude-opus-4-8,ipython-session-bundle-replay
36,20,contested,claude-opus-4-8,katex-multicolumn-array-spans
36,34,common,claude-opus-4-8,kcp-go-multiplexed-kcp-streams
36,19,contested,claude-opus-4-8,kea-atomic-signal-selectors
36,21,contested,claude-opus-4-8,kgateway-consistent-hash-policy
36,26,contested,claude-opus-4-8,kombu-single-active-consumer-priority
36,11,rare,claude-opus-4-8,kombu-virtual-queue-dead-lettering
36,20,contested,claude-opus-4-8,koota-composite-trait-aspects
36,18,rare,claude-opus-4-8,koota-deferred-mutation-buffer
36,32,common,claude-opus-4-8,koota-entity-snapshot-rollback
36,14,rare,claude-opus-4-8,koota-pair-relation-tracking
36,12,rare,claude-opus-4-8,koota-query-predicates
36,30,common,claude-opus-4-8,kysely-window-grouping-helpers
36,25,contested,claude-opus-4-8,langchain-request-coalescing
36,29,common,claude-opus-4-8,mashumaro-flattened-dataclass-fields
36,19,contested,claude-opus-4-8,meriyah-explicit-resource-declarations
36,27,contested,claude-opus-4-8,mnamer-daemon-watch-lifecycle
36,27,contested,claude-opus-4-8,mobly-grouped-test-barriers
36,33,common,claude-opus-4-8,narwhals-rolling-window-suite
36,29,common,claude-opus-4-8,numba-stencil-boundary-modes
36,1,rare,claude-opus-4-8,obsidian-linter-auto-table-of-contents
36,25,contested,claude-opus-4-8,obsidian-linter-link-format-conversion
36,31,common,claude-opus-4-8,obsidian-linter-scoped-ignore-markers
36,34,common,claude-opus-4-8,ofetch-per-origin-circuit-breaker
36,20,contested,claude-opus-4-8,onedump-dump-encryption-pipeline
36,31,common,claude-opus-4-8,opa-rego-rule-profiling
36,29,common,claude-opus-4-8,opa-template-string-reconstruction
36,19,contested,claude-opus-4-8,optique-conditional-option-dependencies
36,10,rare,claude-opus-4-8,oxvg-structural-selector-preservation
36,17,rare,claude-opus-4-8,participle-grammar-conflict-analysis
36,26,contested,claude-opus-4-8,pebble-durability-wait-apis
36,12,rare,claude-opus-4-8,pest-character-class-coalescing
36,21,contested,claude-opus-4-8,prometheus-transactional-reload-status
36,28,common,claude-opus-4-8,prometheus-typed-label-sorting
36,32,common,claude-opus-4-8,psd-tools-blend-range-api
36,21,contested,claude-opus-4-8,pwntools-tube-multiplexing
36,20,contested,claude-opus-4-8,python-statemachine-state-data-scoping
36,35,common,claude-opus-4-8,query-persist-restored-query-state
36,21,contested,claude-opus-4-8,quill-shared-toolbar-focus
36,32,common,claude-opus-4-8,returns-validated-error-accumulation
36,32,common,claude-opus-4-8,scc-bounded-memory-spilling
36,24,contested,claude-opus-4-8,scriggo-method-declarations
36,27,contested,claude-opus-4-8,skrub-duration-encoding
36,34,common,claude-opus-4-8,sql-formatter-bigquery-pipe-formatting
36,21,contested,claude-opus-4-8,sqlfmt-create-table-ddl-formatting
36,27,contested,claude-opus-4-8,sqlite-utils-safe-import-checkpoints
36,21,contested,claude-opus-4-8,superjson-error-stack-serialization
36,33,common,claude-opus-4-8,task-task-graph-export
36,31,common,claude-opus-4-8,tengo-callable-instance-isolation
36,24,contested,claude-opus-4-8,tengo-destructuring-bindings
36,22,contested,claude-opus-4-8,termenv-preserve-ansi-resets
36,11,rare,claude-opus-4-8,testem-bail-on-test-failure
36,27,contested,claude-opus-4-8,testem-per-launcher-reports
36,18,rare,claude-opus-4-8,textual-kitty-key-phases
36,30,common,claude-opus-4-8,textual-richlog-follow-state
36,26,contested,claude-opus-4-8,tomlkit-toml-table-converters
36,35,common,claude-opus-4-8,true-myth-iterable-collection-combinators
36,35,common,claude-opus-4-8,ts-pattern-match-each
36,11,rare,claude-opus-4-8,updo-policy-alerting
36,30,common,claude-opus-4-8,valibot-recursive-schema-composition
36,31,common,claude-opus-4-8,vitest-duration-sharding
36,27,contested,claude-opus-4-8,vulture-persistent-analysis-cache
36,25,contested,claude-opus-4-8,wasmi-trap-coredumps
36,34,common,claude-opus-4-8,wazero-multi-module-snapshots
36,35,common,claude-opus-4-8,yaegi-go-embed-directives
36,33,common,claude-opus-4-8,yjs-map-conflict-detection
36,34,common,claude-opus-4-8,ytt-jsonpath-query-api
40,36,common,claude-sonnet-4-6,abs-module-cache-flags
40,36,common,claude-sonnet-4-6,abs-stepped-slices
40,39,common,claude-sonnet-4-6,actionlint-action-pinning-lint
40,30,contested,claude-sonnet-4-6,adaptix-name-mapping-aliases
40,33,common,claude-sonnet-4-6,aiomonitor-task-snapshots-diff
40,36,common,claude-sonnet-4-6,anko-default-function-arguments
40,27,contested,claude-sonnet-4-6,anko-typed-variable-bindings
40,36,common,claude-sonnet-4-6,arcane-drift-detection-baselines
40,31,common,claude-sonnet-4-6,arktype-json-schema-refs-dependencies
40,26,contested,claude-sonnet-4-6,awilix-async-container-initialization
40,29,contested,claude-sonnet-4-6,bandit-incremental-cache-control
40,32,common,claude-sonnet-4-6,bandit-interprocedural-taint-checks
40,6,rare,claude-sonnet-4-6,bandit-structured-nosec-directives
40,30,contested,claude-sonnet-4-6,boa-hierarchical-evaluation-cancellation
40,34,common,claude-sonnet-4-6,cattrs-partial-structuring-recovery
40,23,contested,claude-sonnet-4-6,clack-async-autocomplete-options
40,37,common,claude-sonnet-4-6,claude-code-by-agents-recursive-delegation
40,30,contested,claude-sonnet-4-6,cliffy-config-file-parsing
40,21,contested,claude-sonnet-4-6,csstree-shorthand-expansion-compression
40,26,contested,claude-sonnet-4-6,dasel-html-document-format
40,23,contested,claude-sonnet-4-6,dateutil-rfc5545-timezone-interop
40,38,common,claude-sonnet-4-6,drizzle-orm-window-function-builders
40,34,common,claude-sonnet-4-6,dynamodb-toolbox-conditional-attribute-requirements
40,33,common,claude-sonnet-4-6,dynamodb-toolbox-lazy-recursive-schemas
40,17,rare,claude-sonnet-4-6,effect-sse-httpapi-streaming
40,19,rare,claude-sonnet-4-6,eicrud-keyset-pagination-cursor
40,33,common,claude-sonnet-4-6,etree-xml-diff-patch
40,20,rare,claude-sonnet-4-6,expr-try-catch-errors
40,31,common,claude-sonnet-4-6,fastapi-deprecation-response-headers
40,33,common,claude-sonnet-4-6,fastapi-implicit-head-options
40,33,common,claude-sonnet-4-6,fd-deterministic-multi-key-sorting
40,36,common,claude-sonnet-4-6,geo-shapeindex-serialization
40,32,common,claude-sonnet-4-6,go-critic-doc-link-checker
40,35,common,claude-sonnet-4-6,go-genai-streamed-function-args
40,32,common,claude-sonnet-4-6,go-git-worktree-merge-conflicts
40,39,common,claude-sonnet-4-6,goreleaser-retry-publish-auditing
40,4,rare,claude-sonnet-4-6,gql-incremental-graphql-delivery
40,39,common,claude-sonnet-4-6,happy-dom-abort-pending-body-reads
40,24,contested,claude-sonnet-4-6,happy-dom-deterministic-intersectionobserver
40,13,rare,claude-sonnet-4-6,helm-array-merge-strategies
40,37,common,claude-sonnet-4-6,helm-unified-manifest-stream
40,38,common,claude-sonnet-4-6,httpx-deterministic-cookie-store
40,35,common,claude-sonnet-4-6,httpx-multipart-response-parsing
40,31,common,claude-sonnet-4-6,httpx-streaming-json-iteration
40,31,common,claude-sonnet-4-6,igel-persist-feature-schema
40,28,contested,claude-sonnet-4-6,ink-grid-box-layout
40,34,common,claude-sonnet-4-6,ipython-session-bundle-replay
40,23,contested,claude-sonnet-4-6,katex-multicolumn-array-spans
40,37,common,claude-sonnet-4-6,kcp-go-multiplexed-kcp-streams
40,23,contested,claude-sonnet-4-6,kea-atomic-signal-selectors
40,25,contested,claude-sonnet-4-6,kgateway-consistent-hash-policy
40,31,common,claude-sonnet-4-6,kombu-single-active-consumer-priority
40,15,rare,claude-sonnet-4-6,kombu-virtual-queue-dead-lettering
40,22,contested,claude-sonnet-4-6,koota-composite-trait-aspects
40,19,rare,claude-sonnet-4-6,koota-deferred-mutation-buffer
40,36,common,claude-sonnet-4-6,koota-entity-snapshot-rollback
40,15,rare,claude-sonnet-4-6,koota-pair-relation-tracking
40,17,rare,claude-sonnet-4-6,koota-query-predicates
40,34,common,claude-sonnet-4-6,kysely-window-grouping-helpers
40,27,contested,claude-sonnet-4-6,langchain-request-coalescing
40,28,contested,claude-sonnet-4-6,mashumaro-flattened-dataclass-fields
40,19,rare,claude-sonnet-4-6,meriyah-explicit-resource-declarations
40,30,contested,claude-sonnet-4-6,mnamer-daemon-watch-lifecycle
40,32,common,claude-sonnet-4-6,mobly-grouped-test-barriers
40,37,common,claude-sonnet-4-6,narwhals-rolling-window-suite
40,33,common,claude-sonnet-4-6,numba-stencil-boundary-modes
40,1,rare,claude-sonnet-4-6,obsidian-linter-auto-table-of-contents
40,27,contested,claude-sonnet-4-6,obsidian-linter-link-format-conversion
40,36,common,claude-sonnet-4-6,obsidian-linter-scoped-ignore-markers
40,38,common,claude-sonnet-4-6,ofetch-per-origin-circuit-breaker
40,24,contested,claude-sonnet-4-6,onedump-dump-encryption-pipeline
40,36,common,claude-sonnet-4-6,opa-rego-rule-profiling
40,33,common,claude-sonnet-4-6,opa-template-string-reconstruction
40,21,contested,claude-sonnet-4-6,optique-conditional-option-dependencies
40,10,rare,claude-sonnet-4-6,oxvg-structural-selector-preservation
40,19,rare,claude-sonnet-4-6,participle-grammar-conflict-analysis
40,30,contested,claude-sonnet-4-6,pebble-durability-wait-apis
40,16,rare,claude-sonnet-4-6,pest-character-class-coalescing
40,20,rare,claude-sonnet-4-6,prometheus-transactional-reload-status
40,32,common,claude-sonnet-4-6,prometheus-typed-label-sorting
40,37,common,claude-sonnet-4-6,psd-tools-blend-range-api
40,25,contested,claude-sonnet-4-6,pwntools-tube-multiplexing
40,20,rare,claude-sonnet-4-6,python-statemachine-state-data-scoping
40,39,common,claude-sonnet-4-6,query-persist-restored-query-state
40,25,contested,claude-sonnet-4-6,quill-shared-toolbar-focus
40,36,common,claude-sonnet-4-6,returns-validated-error-accumulation
40,37,common,claude-sonnet-4-6,scc-bounded-memory-spilling
40,28,contested,claude-sonnet-4-6,scriggo-method-declarations
40,31,common,claude-sonnet-4-6,skrub-duration-encoding
40,38,common,claude-sonnet-4-6,sql-formatter-bigquery-pipe-formatting
40,24,contested,claude-sonnet-4-6,sqlfmt-create-table-ddl-formatting
40,31,common,claude-sonnet-4-6,sqlite-utils-safe-import-checkpoints
40,22,contested,claude-sonnet-4-6,superjson-error-stack-serialization
40,37,common,claude-sonnet-4-6,task-task-graph-export
40,35,common,claude-sonnet-4-6,tengo-callable-instance-isolation
40,28,contested,claude-sonnet-4-6,tengo-destructuring-bindings
40,22,contested,claude-sonnet-4-6,termenv-preserve-ansi-resets
40,13,rare,claude-sonnet-4-6,testem-bail-on-test-failure
40,31,common,claude-sonnet-4-6,testem-per-launcher-reports
40,22,contested,claude-sonnet-4-6,textual-kitty-key-phases
40,34,common,claude-sonnet-4-6,textual-richlog-follow-state
40,30,contested,claude-sonnet-4-6,tomlkit-toml-table-converters
40,39,common,claude-sonnet-4-6,true-myth-iterable-collection-combinators
40,39,common,claude-sonnet-4-6,ts-pattern-match-each
40,11,rare,claude-sonnet-4-6,updo-policy-alerting
40,35,common,claude-sonnet-4-6,valibot-recursive-schema-composition
40,35,common,claude-sonnet-4-6,vitest-duration-sharding
40,28,contested,claude-sonnet-4-6,vulture-persistent-analysis-cache
40,29,contested,claude-sonnet-4-6,wasmi-trap-coredumps
40,38,common,claude-sonnet-4-6,wazero-multi-module-snapshots
40,39,common,claude-sonnet-4-6,yaegi-go-embed-directives
40,37,common,claude-sonnet-4-6,yjs-map-conflict-detection
40,38,common,claude-sonnet-4-6,ytt-jsonpath-query-api
36,32,common,claude-sonnet-5,abs-module-cache-flags
36,33,common,claude-sonnet-5,abs-stepped-slices
36,35,common,claude-sonnet-5,actionlint-action-pinning-lint
36,27,contested,claude-sonnet-5,adaptix-name-mapping-aliases
36,28,common,claude-sonnet-5,aiomonitor-task-snapshots-diff
36,32,common,claude-sonnet-5,anko-default-function-arguments
36,24,contested,claude-sonnet-5,anko-typed-variable-bindings
36,31,common,claude-sonnet-5,arcane-drift-detection-baselines
36,27,contested,claude-sonnet-5,arktype-json-schema-refs-dependencies
36,24,contested,claude-sonnet-5,awilix-async-container-initialization
36,26,contested,claude-sonnet-5,bandit-incremental-cache-control
36,27,contested,claude-sonnet-5,bandit-interprocedural-taint-checks
36,3,rare,claude-sonnet-5,bandit-structured-nosec-directives
36,30,common,claude-sonnet-5,boa-hierarchical-evaluation-cancellation
36,33,common,claude-sonnet-5,cattrs-partial-structuring-recovery
36,20,contested,claude-sonnet-5,clack-async-autocomplete-options
36,35,common,claude-sonnet-5,claude-code-by-agents-recursive-delegation
36,26,contested,claude-sonnet-5,cliffy-config-file-parsing
36,19,contested,claude-sonnet-5,csstree-shorthand-expansion-compression
36,22,contested,claude-sonnet-5,dasel-html-document-format
36,22,contested,claude-sonnet-5,dateutil-rfc5545-timezone-interop
36,34,common,claude-sonnet-5,drizzle-orm-window-function-builders
36,30,common,claude-sonnet-5,dynamodb-toolbox-conditional-attribute-requirements
36,30,common,claude-sonnet-5,dynamodb-toolbox-lazy-recursive-schemas
36,15,rare,claude-sonnet-5,effect-sse-httpapi-streaming
36,20,contested,claude-sonnet-5,eicrud-keyset-pagination-cursor
36,30,common,claude-sonnet-5,etree-xml-diff-patch
36,20,contested,claude-sonnet-5,expr-try-catch-errors
36,30,common,claude-sonnet-5,fastapi-deprecation-response-headers
36,29,common,claude-sonnet-5,fastapi-implicit-head-options
36,29,common,claude-sonnet-5,fd-deterministic-multi-key-sorting
36,32,common,claude-sonnet-5,geo-shapeindex-serialization
36,30,common,claude-sonnet-5,go-critic-doc-link-checker
36,31,common,claude-sonnet-5,go-genai-streamed-function-args
36,28,common,claude-sonnet-5,go-git-worktree-merge-conflicts
36,35,common,claude-sonnet-5,goreleaser-retry-publish-auditing
36,3,rare,claude-sonnet-5,gql-incremental-graphql-delivery
36,35,common,claude-sonnet-5,happy-dom-abort-pending-body-reads
36,19,contested,claude-sonnet-5,happy-dom-deterministic-intersectionobserver
36,12,rare,claude-sonnet-5,helm-array-merge-strategies
36,33,common,claude-sonnet-5,helm-unified-manifest-stream
36,34,common,claude-sonnet-5,httpx-deterministic-cookie-store
36,32,common,claude-sonnet-5,httpx-multipart-response-parsing
36,27,contested,claude-sonnet-5,httpx-streaming-json-iteration
36,26,contested,claude-sonnet-5,igel-persist-feature-schema
36,23,contested,claude-sonnet-5,ink-grid-box-layout
36,29,common,claude-sonnet-5,ipython-session-bundle-replay
36,21,contested,claude-sonnet-5,katex-multicolumn-array-spans
36,33,common,claude-sonnet-5,kcp-go-multiplexed-kcp-streams
36,20,contested,claude-sonnet-5,kea-atomic-signal-selectors
36,21,contested,claude-sonnet-5,kgateway-consistent-hash-policy
36,31,common,claude-sonnet-5,kombu-single-active-consumer-priority
36,13,rare,claude-sonnet-5,kombu-virtual-queue-dead-lettering
36,19,contested,claude-sonnet-5,koota-composite-trait-aspects
36,18,rare,claude-sonnet-5,koota-deferred-mutation-buffer
36,32,common,claude-sonnet-5,koota-entity-snapshot-rollback
36,12,rare,claude-sonnet-5,koota-pair-relation-tracking
36,14,rare,claude-sonnet-5,koota-query-predicates
36,32,common,claude-sonnet-5,kysely-window-grouping-helpers
36,27,contested,claude-sonnet-5,langchain-request-coalescing
36,25,contested,claude-sonnet-5,mashumaro-flattened-dataclass-fields
36,18,rare,claude-sonnet-5,meriyah-explicit-resource-declarations
36,27,contested,claude-sonnet-5,mnamer-daemon-watch-lifecycle
36,27,contested,claude-sonnet-5,mobly-grouped-test-barriers
36,33,common,claude-sonnet-5,narwhals-rolling-window-suite
36,31,common,claude-sonnet-5,numba-stencil-boundary-modes
36,1,rare,claude-sonnet-5,obsidian-linter-auto-table-of-contents
36,23,contested,claude-sonnet-5,obsidian-linter-link-format-conversion
36,31,common,claude-sonnet-5,obsidian-linter-scoped-ignore-markers
36,33,common,claude-sonnet-5,ofetch-per-origin-circuit-breaker
36,20,contested,claude-sonnet-5,onedump-dump-encryption-pipeline
36,31,common,claude-sonnet-5,opa-rego-rule-profiling
36,30,common,claude-sonnet-5,opa-template-string-reconstruction
36,20,contested,claude-sonnet-5,optique-conditional-option-dependencies
36,9,rare,claude-sonnet-5,oxvg-structural-selector-preservation
36,19,contested,claude-sonnet-5,participle-grammar-conflict-analysis
36,27,contested,claude-sonnet-5,pebble-durability-wait-apis
36,15,rare,claude-sonnet-5,pest-character-class-coalescing
36,17,rare,claude-sonnet-5,prometheus-transactional-reload-status
36,31,common,claude-sonnet-5,prometheus-typed-label-sorting
36,32,common,claude-sonnet-5,psd-tools-blend-range-api
36,22,contested,claude-sonnet-5,pwntools-tube-multiplexing
36,18,rare,claude-sonnet-5,python-statemachine-state-data-scoping
36,35,common,claude-sonnet-5,query-persist-restored-query-state
36,20,contested,claude-sonnet-5,quill-shared-toolbar-focus
36,32,common,claude-sonnet-5,returns-validated-error-accumulation
36,33,common,claude-sonnet-5,scc-bounded-memory-spilling
36,24,contested,claude-sonnet-5,scriggo-method-declarations
36,27,contested,claude-sonnet-5,skrub-duration-encoding
36,34,common,claude-sonnet-5,sql-formatter-bigquery-pipe-formatting
36,22,contested,claude-sonnet-5,sqlfmt-create-table-ddl-formatting
36,32,common,claude-sonnet-5,sqlite-utils-safe-import-checkpoints
36,19,contested,claude-sonnet-5,superjson-error-stack-serialization
36,35,common,claude-sonnet-5,task-task-graph-export
36,31,common,claude-sonnet-5,tengo-callable-instance-isolation
36,26,contested,claude-sonnet-5,tengo-destructuring-bindings
36,20,contested,claude-sonnet-5,termenv-preserve-ansi-resets
36,10,rare,claude-sonnet-5,testem-bail-on-test-failure
36,29,common,claude-sonnet-5,testem-per-launcher-reports
36,19,contested,claude-sonnet-5,textual-kitty-key-phases
36,31,common,claude-sonnet-5,textual-richlog-follow-state
36,26,contested,claude-sonnet-5,tomlkit-toml-table-converters
36,35,common,claude-sonnet-5,true-myth-iterable-collection-combinators
36,35,common,claude-sonnet-5,ts-pattern-match-each
36,11,rare,claude-sonnet-5,updo-policy-alerting
36,31,common,claude-sonnet-5,valibot-recursive-schema-composition
36,32,common,claude-sonnet-5,vitest-duration-sharding
36,24,contested,claude-sonnet-5,vulture-persistent-analysis-cache
36,26,contested,claude-sonnet-5,wasmi-trap-coredumps
36,35,common,claude-sonnet-5,wazero-multi-module-snapshots
36,35,common,claude-sonnet-5,yaegi-go-embed-directives
36,33,common,claude-sonnet-5,yjs-map-conflict-detection
36,34,common,claude-sonnet-5,ytt-jsonpath-query-api
40,37,common,gemini-3-1-pro-preview,abs-module-cache-flags
40,36,common,gemini-3-1-pro-preview,abs-stepped-slices
40,39,common,gemini-3-1-pro-preview,actionlint-action-pinning-lint
40,31,common,gemini-3-1-pro-preview,adaptix-name-mapping-aliases
40,33,common,gemini-3-1-pro-preview,aiomonitor-task-snapshots-diff
40,36,common,gemini-3-1-pro-preview,anko-default-function-arguments
40,27,contested,gemini-3-1-pro-preview,anko-typed-variable-bindings
40,36,common,gemini-3-1-pro-preview,arcane-drift-detection-baselines
40,31,common,gemini-3-1-pro-preview,arktype-json-schema-refs-dependencies
40,27,contested,gemini-3-1-pro-preview,awilix-async-container-initialization
40,29,contested,gemini-3-1-pro-preview,bandit-incremental-cache-control
40,32,common,gemini-3-1-pro-preview,bandit-interprocedural-taint-checks
40,6,rare,gemini-3-1-pro-preview,bandit-structured-nosec-directives
40,30,contested,gemini-3-1-pro-preview,boa-hierarchical-evaluation-cancellation
40,34,common,gemini-3-1-pro-preview,cattrs-partial-structuring-recovery
40,24,contested,gemini-3-1-pro-preview,clack-async-autocomplete-options
40,37,common,gemini-3-1-pro-preview,claude-code-by-agents-recursive-delegation
40,31,common,gemini-3-1-pro-preview,cliffy-config-file-parsing
40,22,contested,gemini-3-1-pro-preview,csstree-shorthand-expansion-compression
40,27,contested,gemini-3-1-pro-preview,dasel-html-document-format
40,23,contested,gemini-3-1-pro-preview,dateutil-rfc5545-timezone-interop
40,39,common,gemini-3-1-pro-preview,drizzle-orm-window-function-builders
40,35,common,gemini-3-1-pro-preview,dynamodb-toolbox-conditional-attribute-requirements
40,34,common,gemini-3-1-pro-preview,dynamodb-toolbox-lazy-recursive-schemas
40,17,rare,gemini-3-1-pro-preview,effect-sse-httpapi-streaming
40,20,rare,gemini-3-1-pro-preview,eicrud-keyset-pagination-cursor
40,34,common,gemini-3-1-pro-preview,etree-xml-diff-patch
40,20,rare,gemini-3-1-pro-preview,expr-try-catch-errors
40,32,common,gemini-3-1-pro-preview,fastapi-deprecation-response-headers
40,33,common,gemini-3-1-pro-preview,fastapi-implicit-head-options
40,33,common,gemini-3-1-pro-preview,fd-deterministic-multi-key-sorting
40,37,common,gemini-3-1-pro-preview,geo-shapeindex-serialization
40,32,common,gemini-3-1-pro-preview,go-critic-doc-link-checker
40,35,common,gemini-3-1-pro-preview,go-genai-streamed-function-args
40,32,common,gemini-3-1-pro-preview,go-git-worktree-merge-conflicts
40,39,common,gemini-3-1-pro-preview,goreleaser-retry-publish-auditing
40,4,rare,gemini-3-1-pro-preview,gql-incremental-graphql-delivery
40,39,common,gemini-3-1-pro-preview,happy-dom-abort-pending-body-reads
40,24,contested,gemini-3-1-pro-preview,happy-dom-deterministic-intersectionobserver
40,14,rare,gemini-3-1-pro-preview,helm-array-merge-strategies
40,37,common,gemini-3-1-pro-preview,helm-unified-manifest-stream
40,39,common,gemini-3-1-pro-preview,httpx-deterministic-cookie-store
40,35,common,gemini-3-1-pro-preview,httpx-multipart-response-parsing
40,32,common,gemini-3-1-pro-preview,httpx-streaming-json-iteration
40,31,common,gemini-3-1-pro-preview,igel-persist-feature-schema
40,27,contested,gemini-3-1-pro-preview,ink-grid-box-layout
40,33,common,gemini-3-1-pro-preview,ipython-session-bundle-replay
40,23,contested,gemini-3-1-pro-preview,katex-multicolumn-array-spans
40,37,common,gemini-3-1-pro-preview,kcp-go-multiplexed-kcp-streams
40,23,contested,gemini-3-1-pro-preview,kea-atomic-signal-selectors
40,25,contested,gemini-3-1-pro-preview,kgateway-consistent-hash-policy
40,31,common,gemini-3-1-pro-preview,kombu-single-active-consumer-priority
40,15,rare,gemini-3-1-pro-preview,kombu-virtual-queue-dead-lettering
40,22,contested,gemini-3-1-pro-preview,koota-composite-trait-aspects
40,19,rare,gemini-3-1-pro-preview,koota-deferred-mutation-buffer
40,37,common,gemini-3-1-pro-preview,koota-entity-snapshot-rollback
40,15,rare,gemini-3-1-pro-preview,koota-pair-relation-tracking
40,17,rare,gemini-3-1-pro-preview,koota-query-predicates
40,35,common,gemini-3-1-pro-preview,kysely-window-grouping-helpers
40,27,contested,gemini-3-1-pro-preview,langchain-request-coalescing
40,29,contested,gemini-3-1-pro-preview,mashumaro-flattened-dataclass-fields
40,19,rare,gemini-3-1-pro-preview,meriyah-explicit-resource-declarations
40,31,common,gemini-3-1-pro-preview,mnamer-daemon-watch-lifecycle
40,32,common,gemini-3-1-pro-preview,mobly-grouped-test-barriers
40,38,common,gemini-3-1-pro-preview,narwhals-rolling-window-suite
40,33,common,gemini-3-1-pro-preview,numba-stencil-boundary-modes
40,1,rare,gemini-3-1-pro-preview,obsidian-linter-auto-table-of-contents
40,28,contested,gemini-3-1-pro-preview,obsidian-linter-link-format-conversion
40,35,common,gemini-3-1-pro-preview,obsidian-linter-scoped-ignore-markers
40,37,common,gemini-3-1-pro-preview,ofetch-per-origin-circuit-breaker
40,25,contested,gemini-3-1-pro-preview,onedump-dump-encryption-pipeline
40,35,common,gemini-3-1-pro-preview,opa-rego-rule-profiling
40,34,common,gemini-3-1-pro-preview,opa-template-string-reconstruction
40,21,contested,gemini-3-1-pro-preview,optique-conditional-option-dependencies
40,9,rare,gemini-3-1-pro-preview,oxvg-structural-selector-preservation
40,19,rare,gemini-3-1-pro-preview,participle-grammar-conflict-analysis
40,31,common,gemini-3-1-pro-preview,pebble-durability-wait-apis
40,16,rare,gemini-3-1-pro-preview,pest-character-class-coalescing
40,20,rare,gemini-3-1-pro-preview,prometheus-transactional-reload-status
40,33,common,gemini-3-1-pro-preview,prometheus-typed-label-sorting
40,36,common,gemini-3-1-pro-preview,psd-tools-blend-range-api
40,26,contested,gemini-3-1-pro-preview,pwntools-tube-multiplexing
40,21,contested,gemini-3-1-pro-preview,python-statemachine-state-data-scoping
40,40,common,gemini-3-1-pro-preview,query-persist-restored-query-state
40,25,contested,gemini-3-1-pro-preview,quill-shared-toolbar-focus
40,37,common,gemini-3-1-pro-preview,returns-validated-error-accumulation
40,36,common,gemini-3-1-pro-preview,scc-bounded-memory-spilling
40,29,contested,gemini-3-1-pro-preview,scriggo-method-declarations
40,32,common,gemini-3-1-pro-preview,skrub-duration-encoding
40,38,common,gemini-3-1-pro-preview,sql-formatter-bigquery-pipe-formatting
40,25,contested,gemini-3-1-pro-preview,sqlfmt-create-table-ddl-formatting
40,32,common,gemini-3-1-pro-preview,sqlite-utils-safe-import-checkpoints
40,22,contested,gemini-3-1-pro-preview,superjson-error-stack-serialization
40,37,common,gemini-3-1-pro-preview,task-task-graph-export
40,34,common,gemini-3-1-pro-preview,tengo-callable-instance-isolation
40,28,contested,gemini-3-1-pro-preview,tengo-destructuring-bindings
40,21,contested,gemini-3-1-pro-preview,termenv-preserve-ansi-resets
40,13,rare,gemini-3-1-pro-preview,testem-bail-on-test-failure
40,32,common,gemini-3-1-pro-preview,testem-per-launcher-reports
40,22,contested,gemini-3-1-pro-preview,textual-kitty-key-phases
40,35,common,gemini-3-1-pro-preview,textual-richlog-follow-state
40,31,common,gemini-3-1-pro-preview,tomlkit-toml-table-converters
40,39,common,gemini-3-1-pro-preview,true-myth-iterable-collection-combinators
40,39,common,gemini-3-1-pro-preview,ts-pattern-match-each
40,11,rare,gemini-3-1-pro-preview,updo-policy-alerting
40,35,common,gemini-3-1-pro-preview,valibot-recursive-schema-composition
40,36,common,gemini-3-1-pro-preview,vitest-duration-sharding
40,28,contested,gemini-3-1-pro-preview,vulture-persistent-analysis-cache
40,30,contested,gemini-3-1-pro-preview,wasmi-trap-coredumps
40,38,common,gemini-3-1-pro-preview,wazero-multi-module-snapshots
40,39,common,gemini-3-1-pro-preview,yaegi-go-embed-directives
40,38,common,gemini-3-1-pro-preview,yjs-map-conflict-detection
40,39,common,gemini-3-1-pro-preview,ytt-jsonpath-query-api
40,36,common,gemini-3-5-flash,abs-module-cache-flags
40,35,common,gemini-3-5-flash,abs-stepped-slices
40,39,common,gemini-3-5-flash,actionlint-action-pinning-lint
40,31,common,gemini-3-5-flash,adaptix-name-mapping-aliases
40,32,common,gemini-3-5-flash,aiomonitor-task-snapshots-diff
40,36,common,gemini-3-5-flash,anko-default-function-arguments
40,26,contested,gemini-3-5-flash,anko-typed-variable-bindings
40,36,common,gemini-3-5-flash,arcane-drift-detection-baselines
40,31,common,gemini-3-5-flash,arktype-json-schema-refs-dependencies
40,26,contested,gemini-3-5-flash,awilix-async-container-initialization
40,29,contested,gemini-3-5-flash,bandit-incremental-cache-control
40,31,common,gemini-3-5-flash,bandit-interprocedural-taint-checks
40,6,rare,gemini-3-5-flash,bandit-structured-nosec-directives
40,29,contested,gemini-3-5-flash,boa-hierarchical-evaluation-cancellation
40,34,common,gemini-3-5-flash,cattrs-partial-structuring-recovery
40,23,contested,gemini-3-5-flash,clack-async-autocomplete-options
40,37,common,gemini-3-5-flash,claude-code-by-agents-recursive-delegation
40,31,common,gemini-3-5-flash,cliffy-config-file-parsing
40,22,contested,gemini-3-5-flash,csstree-shorthand-expansion-compression
40,27,contested,gemini-3-5-flash,dasel-html-document-format
40,22,contested,gemini-3-5-flash,dateutil-rfc5545-timezone-interop
40,38,common,gemini-3-5-flash,drizzle-orm-window-function-builders
40,34,common,gemini-3-5-flash,dynamodb-toolbox-conditional-attribute-requirements
40,34,common,gemini-3-5-flash,dynamodb-toolbox-lazy-recursive-schemas
40,17,rare,gemini-3-5-flash,effect-sse-httpapi-streaming
40,19,rare,gemini-3-5-flash,eicrud-keyset-pagination-cursor
40,33,common,gemini-3-5-flash,etree-xml-diff-patch
40,19,rare,gemini-3-5-flash,expr-try-catch-errors
40,31,common,gemini-3-5-flash,fastapi-deprecation-response-headers
40,32,common,gemini-3-5-flash,fastapi-implicit-head-options
40,33,common,gemini-3-5-flash,fd-deterministic-multi-key-sorting
40,36,common,gemini-3-5-flash,geo-shapeindex-serialization
40,32,common,gemini-3-5-flash,go-critic-doc-link-checker
40,34,common,gemini-3-5-flash,go-genai-streamed-function-args
40,31,common,gemini-3-5-flash,go-git-worktree-merge-conflicts
40,39,common,gemini-3-5-flash,goreleaser-retry-publish-auditing
40,4,rare,gemini-3-5-flash,gql-incremental-graphql-delivery
40,39,common,gemini-3-5-flash,happy-dom-abort-pending-body-reads
40,23,contested,gemini-3-5-flash,happy-dom-deterministic-intersectionobserver
40,13,rare,gemini-3-5-flash,helm-array-merge-strategies
40,37,common,gemini-3-5-flash,helm-unified-manifest-stream
40,38,common,gemini-3-5-flash,httpx-deterministic-cookie-store
40,36,common,gemini-3-5-flash,httpx-multipart-response-parsing
40,31,common,gemini-3-5-flash,httpx-streaming-json-iteration
40,30,contested,gemini-3-5-flash,igel-persist-feature-schema
40,28,contested,gemini-3-5-flash,ink-grid-box-layout
40,33,common,gemini-3-5-flash,ipython-session-bundle-replay
40,22,contested,gemini-3-5-flash,katex-multicolumn-array-spans
40,38,common,gemini-3-5-flash,kcp-go-multiplexed-kcp-streams
40,23,contested,gemini-3-5-flash,kea-atomic-signal-selectors
40,25,contested,gemini-3-5-flash,kgateway-consistent-hash-policy
40,30,contested,gemini-3-5-flash,kombu-single-active-consumer-priority
40,15,rare,gemini-3-5-flash,kombu-virtual-queue-dead-lettering
40,22,contested,gemini-3-5-flash,koota-composite-trait-aspects
40,18,rare,gemini-3-5-flash,koota-deferred-mutation-buffer
40,36,common,gemini-3-5-flash,koota-entity-snapshot-rollback
40,15,rare,gemini-3-5-flash,koota-pair-relation-tracking
40,17,rare,gemini-3-5-flash,koota-query-predicates
40,34,common,gemini-3-5-flash,kysely-window-grouping-helpers
40,27,contested,gemini-3-5-flash,langchain-request-coalescing
40,28,contested,gemini-3-5-flash,mashumaro-flattened-dataclass-fields
40,18,rare,gemini-3-5-flash,meriyah-explicit-resource-declarations
40,31,common,gemini-3-5-flash,mnamer-daemon-watch-lifecycle
40,31,common,gemini-3-5-flash,mobly-grouped-test-barriers
40,37,common,gemini-3-5-flash,narwhals-rolling-window-suite
40,33,common,gemini-3-5-flash,numba-stencil-boundary-modes
40,1,rare,gemini-3-5-flash,obsidian-linter-auto-table-of-contents
40,28,contested,gemini-3-5-flash,obsidian-linter-link-format-conversion
40,35,common,gemini-3-5-flash,obsidian-linter-scoped-ignore-markers
40,37,common,gemini-3-5-flash,ofetch-per-origin-circuit-breaker
40,24,contested,gemini-3-5-flash,onedump-dump-encryption-pipeline
40,36,common,gemini-3-5-flash,opa-rego-rule-profiling
40,33,common,gemini-3-5-flash,opa-template-string-reconstruction
40,21,contested,gemini-3-5-flash,optique-conditional-option-dependencies
40,10,rare,gemini-3-5-flash,oxvg-structural-selector-preservation
40,19,rare,gemini-3-5-flash,participle-grammar-conflict-analysis
40,31,common,gemini-3-5-flash,pebble-durability-wait-apis
40,15,rare,gemini-3-5-flash,pest-character-class-coalescing
40,20,rare,gemini-3-5-flash,prometheus-transactional-reload-status
40,33,common,gemini-3-5-flash,prometheus-typed-label-sorting
40,36,common,gemini-3-5-flash,psd-tools-blend-range-api
40,26,contested,gemini-3-5-flash,pwntools-tube-multiplexing
40,20,rare,gemini-3-5-flash,python-statemachine-state-data-scoping
40,39,common,gemini-3-5-flash,query-persist-restored-query-state
40,25,contested,gemini-3-5-flash,quill-shared-toolbar-focus
40,36,common,gemini-3-5-flash,returns-validated-error-accumulation
40,36,common,gemini-3-5-flash,scc-bounded-memory-spilling
40,29,contested,gemini-3-5-flash,scriggo-method-declarations
40,32,common,gemini-3-5-flash,skrub-duration-encoding
40,38,common,gemini-3-5-flash,sql-formatter-bigquery-pipe-formatting
40,25,contested,gemini-3-5-flash,sqlfmt-create-table-ddl-formatting
40,31,common,gemini-3-5-flash,sqlite-utils-safe-import-checkpoints
40,22,contested,gemini-3-5-flash,superjson-error-stack-serialization
40,37,common,gemini-3-5-flash,task-task-graph-export
40,34,common,gemini-3-5-flash,tengo-callable-instance-isolation
40,27,contested,gemini-3-5-flash,tengo-destructuring-bindings
40,21,contested,gemini-3-5-flash,termenv-preserve-ansi-resets
40,12,rare,gemini-3-5-flash,testem-bail-on-test-failure
40,31,common,gemini-3-5-flash,testem-per-launcher-reports
40,22,contested,gemini-3-5-flash,textual-kitty-key-phases
40,35,common,gemini-3-5-flash,textual-richlog-follow-state
40,30,contested,gemini-3-5-flash,tomlkit-toml-table-converters
40,39,common,gemini-3-5-flash,true-myth-iterable-collection-combinators
40,39,common,gemini-3-5-flash,ts-pattern-match-each
40,11,rare,gemini-3-5-flash,updo-policy-alerting
40,34,common,gemini-3-5-flash,valibot-recursive-schema-composition
40,35,common,gemini-3-5-flash,vitest-duration-sharding
40,28,contested,gemini-3-5-flash,vulture-persistent-analysis-cache
40,29,contested,gemini-3-5-flash,wasmi-trap-coredumps
40,39,common,gemini-3-5-flash,wazero-multi-module-snapshots
40,39,common,gemini-3-5-flash,yaegi-go-embed-directives
40,37,common,gemini-3-5-flash,yjs-map-conflict-detection
40,38,common,gemini-3-5-flash,ytt-jsonpath-query-api
39,35,common,glm-5-2,abs-module-cache-flags
39,34,common,glm-5-2,abs-stepped-slices
39,38,common,glm-5-2,actionlint-action-pinning-lint
39,29,contested,glm-5-2,adaptix-name-mapping-aliases
39,32,common,glm-5-2,aiomonitor-task-snapshots-diff
39,36,common,glm-5-2,anko-default-function-arguments
39,25,contested,glm-5-2,anko-typed-variable-bindings
39,34,common,glm-5-2,arcane-drift-detection-baselines
39,29,contested,glm-5-2,arktype-json-schema-refs-dependencies
39,25,contested,glm-5-2,awilix-async-container-initialization
39,29,contested,glm-5-2,bandit-incremental-cache-control
39,30,common,glm-5-2,bandit-interprocedural-taint-checks
39,5,rare,glm-5-2,bandit-structured-nosec-directives
39,28,contested,glm-5-2,boa-hierarchical-evaluation-cancellation
39,33,common,glm-5-2,cattrs-partial-structuring-recovery
39,22,contested,glm-5-2,clack-async-autocomplete-options
39,36,common,glm-5-2,claude-code-by-agents-recursive-delegation
39,29,contested,glm-5-2,cliffy-config-file-parsing
39,22,contested,glm-5-2,csstree-shorthand-expansion-compression
39,25,contested,glm-5-2,dasel-html-document-format
39,22,contested,glm-5-2,dateutil-rfc5545-timezone-interop
39,37,common,glm-5-2,drizzle-orm-window-function-builders
39,33,common,glm-5-2,dynamodb-toolbox-conditional-attribute-requirements
39,33,common,glm-5-2,dynamodb-toolbox-lazy-recursive-schemas
39,16,rare,glm-5-2,effect-sse-httpapi-streaming
39,18,rare,glm-5-2,eicrud-keyset-pagination-cursor
39,32,common,glm-5-2,etree-xml-diff-patch
39,19,rare,glm-5-2,expr-try-catch-errors
39,30,common,glm-5-2,fastapi-deprecation-response-headers
39,31,common,glm-5-2,fastapi-implicit-head-options
39,32,common,glm-5-2,fd-deterministic-multi-key-sorting
39,36,common,glm-5-2,geo-shapeindex-serialization
39,32,common,glm-5-2,go-critic-doc-link-checker
39,33,common,glm-5-2,go-genai-streamed-function-args
39,30,common,glm-5-2,go-git-worktree-merge-conflicts
39,38,common,glm-5-2,goreleaser-retry-publish-auditing
39,2,rare,glm-5-2,gql-incremental-graphql-delivery
39,38,common,glm-5-2,happy-dom-abort-pending-body-reads
39,23,contested,glm-5-2,happy-dom-deterministic-intersectionobserver
39,13,rare,glm-5-2,helm-array-merge-strategies
39,37,common,glm-5-2,helm-unified-manifest-stream
39,37,common,glm-5-2,httpx-deterministic-cookie-store
39,35,common,glm-5-2,httpx-multipart-response-parsing
39,31,common,glm-5-2,httpx-streaming-json-iteration
39,29,contested,glm-5-2,igel-persist-feature-schema
39,27,contested,glm-5-2,ink-grid-box-layout
39,32,common,glm-5-2,ipython-session-bundle-replay
39,23,contested,glm-5-2,katex-multicolumn-array-spans
39,36,common,glm-5-2,kcp-go-multiplexed-kcp-streams
39,21,contested,glm-5-2,kea-atomic-signal-selectors
39,25,contested,glm-5-2,kgateway-consistent-hash-policy
39,30,common,glm-5-2,kombu-single-active-consumer-priority
39,15,rare,glm-5-2,kombu-virtual-queue-dead-lettering
39,20,contested,glm-5-2,koota-composite-trait-aspects
39,19,rare,glm-5-2,koota-deferred-mutation-buffer
39,35,common,glm-5-2,koota-entity-snapshot-rollback
39,15,rare,glm-5-2,koota-pair-relation-tracking
39,17,rare,glm-5-2,koota-query-predicates
39,33,common,glm-5-2,kysely-window-grouping-helpers
39,26,contested,glm-5-2,langchain-request-coalescing
39,28,contested,glm-5-2,mashumaro-flattened-dataclass-fields
39,18,rare,glm-5-2,meriyah-explicit-resource-declarations
39,30,common,glm-5-2,mnamer-daemon-watch-lifecycle
39,32,common,glm-5-2,mobly-grouped-test-barriers
39,36,common,glm-5-2,narwhals-rolling-window-suite
39,34,common,glm-5-2,numba-stencil-boundary-modes
39,1,rare,glm-5-2,obsidian-linter-auto-table-of-contents
39,26,contested,glm-5-2,obsidian-linter-link-format-conversion
39,34,common,glm-5-2,obsidian-linter-scoped-ignore-markers
39,36,common,glm-5-2,ofetch-per-origin-circuit-breaker
39,23,contested,glm-5-2,onedump-dump-encryption-pipeline
39,34,common,glm-5-2,opa-rego-rule-profiling
39,32,common,glm-5-2,opa-template-string-reconstruction
39,20,contested,glm-5-2,optique-conditional-option-dependencies
39,10,rare,glm-5-2,oxvg-structural-selector-preservation
39,19,rare,glm-5-2,participle-grammar-conflict-analysis
39,30,common,glm-5-2,pebble-durability-wait-apis
39,14,rare,glm-5-2,pest-character-class-coalescing
39,21,contested,glm-5-2,prometheus-transactional-reload-status
39,31,common,glm-5-2,prometheus-typed-label-sorting
39,35,common,glm-5-2,psd-tools-blend-range-api
39,24,contested,glm-5-2,pwntools-tube-multiplexing
39,19,rare,glm-5-2,python-statemachine-state-data-scoping
39,38,common,glm-5-2,query-persist-restored-query-state
39,24,contested,glm-5-2,quill-shared-toolbar-focus
39,35,common,glm-5-2,returns-validated-error-accumulation
39,35,common,glm-5-2,scc-bounded-memory-spilling
39,28,contested,glm-5-2,scriggo-method-declarations
39,30,common,glm-5-2,skrub-duration-encoding
39,37,common,glm-5-2,sql-formatter-bigquery-pipe-formatting
39,23,contested,glm-5-2,sqlfmt-create-table-ddl-formatting
39,30,common,glm-5-2,sqlite-utils-safe-import-checkpoints
39,22,contested,glm-5-2,superjson-error-stack-serialization
39,36,common,glm-5-2,task-task-graph-export
39,33,common,glm-5-2,tengo-callable-instance-isolation
39,27,contested,glm-5-2,tengo-destructuring-bindings
39,22,contested,glm-5-2,termenv-preserve-ansi-resets
39,13,rare,glm-5-2,testem-bail-on-test-failure
39,30,common,glm-5-2,testem-per-launcher-reports
39,22,contested,glm-5-2,textual-kitty-key-phases
39,34,common,glm-5-2,textual-richlog-follow-state
39,29,contested,glm-5-2,tomlkit-toml-table-converters
39,38,common,glm-5-2,true-myth-iterable-collection-combinators
39,38,common,glm-5-2,ts-pattern-match-each
39,11,rare,glm-5-2,updo-policy-alerting
39,33,common,glm-5-2,valibot-recursive-schema-composition
39,34,common,glm-5-2,vitest-duration-sharding
39,27,contested,glm-5-2,vulture-persistent-analysis-cache
39,28,contested,glm-5-2,wasmi-trap-coredumps
39,37,common,glm-5-2,wazero-multi-module-snapshots
39,38,common,glm-5-2,yaegi-go-embed-directives
39,36,common,glm-5-2,yjs-map-conflict-detection
39,37,common,glm-5-2,ytt-jsonpath-query-api
40,36,common,gpt-5-4,abs-module-cache-flags
40,35,common,gpt-5-4,abs-stepped-slices
40,39,common,gpt-5-4,actionlint-action-pinning-lint
40,30,contested,gpt-5-4,adaptix-name-mapping-aliases
40,32,common,gpt-5-4,aiomonitor-task-snapshots-diff
40,36,common,gpt-5-4,anko-default-function-arguments
40,26,contested,gpt-5-4,anko-typed-variable-bindings
40,35,common,gpt-5-4,arcane-drift-detection-baselines
40,30,contested,gpt-5-4,arktype-json-schema-refs-dependencies
40,27,contested,gpt-5-4,awilix-async-container-initialization
40,28,contested,gpt-5-4,bandit-incremental-cache-control
40,31,common,gpt-5-4,bandit-interprocedural-taint-checks
40,6,rare,gpt-5-4,bandit-structured-nosec-directives
40,29,contested,gpt-5-4,boa-hierarchical-evaluation-cancellation
40,34,common,gpt-5-4,cattrs-partial-structuring-recovery
40,24,contested,gpt-5-4,clack-async-autocomplete-options
40,37,common,gpt-5-4,claude-code-by-agents-recursive-delegation
40,31,common,gpt-5-4,cliffy-config-file-parsing
40,21,contested,gpt-5-4,csstree-shorthand-expansion-compression
40,27,contested,gpt-5-4,dasel-html-document-format
40,23,contested,gpt-5-4,dateutil-rfc5545-timezone-interop
40,38,common,gpt-5-4,drizzle-orm-window-function-builders
40,34,common,gpt-5-4,dynamodb-toolbox-conditional-attribute-requirements
40,33,common,gpt-5-4,dynamodb-toolbox-lazy-recursive-schemas
40,16,rare,gpt-5-4,effect-sse-httpapi-streaming
40,19,rare,gpt-5-4,eicrud-keyset-pagination-cursor
40,33,common,gpt-5-4,etree-xml-diff-patch
40,20,rare,gpt-5-4,expr-try-catch-errors
40,31,common,gpt-5-4,fastapi-deprecation-response-headers
40,32,common,gpt-5-4,fastapi-implicit-head-options
40,33,common,gpt-5-4,fd-deterministic-multi-key-sorting
40,36,common,gpt-5-4,geo-shapeindex-serialization
40,33,common,gpt-5-4,go-critic-doc-link-checker
40,34,common,gpt-5-4,go-genai-streamed-function-args
40,31,common,gpt-5-4,go-git-worktree-merge-conflicts
40,39,common,gpt-5-4,goreleaser-retry-publish-auditing
40,4,rare,gpt-5-4,gql-incremental-graphql-delivery
40,39,common,gpt-5-4,happy-dom-abort-pending-body-reads
40,24,contested,gpt-5-4,happy-dom-deterministic-intersectionobserver
40,14,rare,gpt-5-4,helm-array-merge-strategies
40,37,common,gpt-5-4,helm-unified-manifest-stream
40,38,common,gpt-5-4,httpx-deterministic-cookie-store
40,35,common,gpt-5-4,httpx-multipart-response-parsing
40,32,common,gpt-5-4,httpx-streaming-json-iteration
40,30,contested,gpt-5-4,igel-persist-feature-schema
40,27,contested,gpt-5-4,ink-grid-box-layout
40,34,common,gpt-5-4,ipython-session-bundle-replay
40,22,contested,gpt-5-4,katex-multicolumn-array-spans
40,37,common,gpt-5-4,kcp-go-multiplexed-kcp-streams
40,22,contested,gpt-5-4,kea-atomic-signal-selectors
40,24,contested,gpt-5-4,kgateway-consistent-hash-policy
40,30,contested,gpt-5-4,kombu-single-active-consumer-priority
40,15,rare,gpt-5-4,kombu-virtual-queue-dead-lettering
40,21,contested,gpt-5-4,koota-composite-trait-aspects
40,18,rare,gpt-5-4,koota-deferred-mutation-buffer
40,36,common,gpt-5-4,koota-entity-snapshot-rollback
40,14,rare,gpt-5-4,koota-pair-relation-tracking
40,17,rare,gpt-5-4,koota-query-predicates
40,34,common,gpt-5-4,kysely-window-grouping-helpers
40,28,contested,gpt-5-4,langchain-request-coalescing
40,28,contested,gpt-5-4,mashumaro-flattened-dataclass-fields
40,18,rare,gpt-5-4,meriyah-explicit-resource-declarations
40,30,contested,gpt-5-4,mnamer-daemon-watch-lifecycle
40,31,common,gpt-5-4,mobly-grouped-test-barriers
40,37,common,gpt-5-4,narwhals-rolling-window-suite
40,33,common,gpt-5-4,numba-stencil-boundary-modes
40,1,rare,gpt-5-4,obsidian-linter-auto-table-of-contents
40,28,contested,gpt-5-4,obsidian-linter-link-format-conversion
40,35,common,gpt-5-4,obsidian-linter-scoped-ignore-markers
40,37,common,gpt-5-4,ofetch-per-origin-circuit-breaker
40,25,contested,gpt-5-4,onedump-dump-encryption-pipeline
40,35,common,gpt-5-4,opa-rego-rule-profiling
40,33,common,gpt-5-4,opa-template-string-reconstruction
40,20,rare,gpt-5-4,optique-conditional-option-dependencies
40,9,rare,gpt-5-4,oxvg-structural-selector-preservation
40,19,rare,gpt-5-4,participle-grammar-conflict-analysis
40,30,contested,gpt-5-4,pebble-durability-wait-apis
40,16,rare,gpt-5-4,pest-character-class-coalescing
40,21,contested,gpt-5-4,prometheus-transactional-reload-status
40,32,common,gpt-5-4,prometheus-typed-label-sorting
40,36,common,gpt-5-4,psd-tools-blend-range-api
40,25,contested,gpt-5-4,pwntools-tube-multiplexing
40,21,contested,gpt-5-4,python-statemachine-state-data-scoping
40,39,common,gpt-5-4,query-persist-restored-query-state
40,25,contested,gpt-5-4,quill-shared-toolbar-focus
40,36,common,gpt-5-4,returns-validated-error-accumulation
40,36,common,gpt-5-4,scc-bounded-memory-spilling
40,28,contested,gpt-5-4,scriggo-method-declarations
40,31,common,gpt-5-4,skrub-duration-encoding
40,38,common,gpt-5-4,sql-formatter-bigquery-pipe-formatting
40,24,contested,gpt-5-4,sqlfmt-create-table-ddl-formatting
40,31,common,gpt-5-4,sqlite-utils-safe-import-checkpoints
40,21,contested,gpt-5-4,superjson-error-stack-serialization
40,37,common,gpt-5-4,task-task-graph-export
40,34,common,gpt-5-4,tengo-callable-instance-isolation
40,27,contested,gpt-5-4,tengo-destructuring-bindings
40,21,contested,gpt-5-4,termenv-preserve-ansi-resets
40,13,rare,gpt-5-4,testem-bail-on-test-failure
40,31,common,gpt-5-4,testem-per-launcher-reports
40,21,contested,gpt-5-4,textual-kitty-key-phases
40,34,common,gpt-5-4,textual-richlog-follow-state
40,30,contested,gpt-5-4,tomlkit-toml-table-converters
40,39,common,gpt-5-4,true-myth-iterable-collection-combinators
40,39,common,gpt-5-4,ts-pattern-match-each
40,11,rare,gpt-5-4,updo-policy-alerting
40,34,common,gpt-5-4,valibot-recursive-schema-composition
40,35,common,gpt-5-4,vitest-duration-sharding
40,28,contested,gpt-5-4,vulture-persistent-analysis-cache
40,29,contested,gpt-5-4,wasmi-trap-coredumps
40,38,common,gpt-5-4,wazero-multi-module-snapshots
40,39,common,gpt-5-4,yaegi-go-embed-directives
40,37,common,gpt-5-4,yjs-map-conflict-detection
40,38,common,gpt-5-4,ytt-jsonpath-query-api
37,33,common,gpt-5-5,abs-module-cache-flags
37,32,common,gpt-5-5,abs-stepped-slices
37,36,common,gpt-5-5,actionlint-action-pinning-lint
37,28,common,gpt-5-5,adaptix-name-mapping-aliases
37,30,common,gpt-5-5,aiomonitor-task-snapshots-diff
37,33,common,gpt-5-5,anko-default-function-arguments
37,24,contested,gpt-5-5,anko-typed-variable-bindings
37,32,common,gpt-5-5,arcane-drift-detection-baselines
37,28,common,gpt-5-5,arktype-json-schema-refs-dependencies
37,23,contested,gpt-5-5,awilix-async-container-initialization
37,26,contested,gpt-5-5,bandit-incremental-cache-control
37,30,common,gpt-5-5,bandit-interprocedural-taint-checks
37,6,rare,gpt-5-5,bandit-structured-nosec-directives
37,27,contested,gpt-5-5,boa-hierarchical-evaluation-cancellation
37,31,common,gpt-5-5,cattrs-partial-structuring-recovery
37,22,contested,gpt-5-5,clack-async-autocomplete-options
37,34,common,gpt-5-5,claude-code-by-agents-recursive-delegation
37,29,common,gpt-5-5,cliffy-config-file-parsing
37,19,contested,gpt-5-5,csstree-shorthand-expansion-compression
37,24,contested,gpt-5-5,dasel-html-document-format
37,20,contested,gpt-5-5,dateutil-rfc5545-timezone-interop
37,35,common,gpt-5-5,drizzle-orm-window-function-builders
37,32,common,gpt-5-5,dynamodb-toolbox-conditional-attribute-requirements
37,30,common,gpt-5-5,dynamodb-toolbox-lazy-recursive-schemas
37,14,rare,gpt-5-5,effect-sse-httpapi-streaming
37,18,rare,gpt-5-5,eicrud-keyset-pagination-cursor
37,30,common,gpt-5-5,etree-xml-diff-patch
37,17,rare,gpt-5-5,expr-try-catch-errors
37,29,common,gpt-5-5,fastapi-deprecation-response-headers
37,30,common,gpt-5-5,fastapi-implicit-head-options
37,32,common,gpt-5-5,fd-deterministic-multi-key-sorting
37,33,common,gpt-5-5,geo-shapeindex-serialization
37,29,common,gpt-5-5,go-critic-doc-link-checker
37,31,common,gpt-5-5,go-genai-streamed-function-args
37,30,common,gpt-5-5,go-git-worktree-merge-conflicts
37,36,common,gpt-5-5,goreleaser-retry-publish-auditing
37,4,rare,gpt-5-5,gql-incremental-graphql-delivery
37,36,common,gpt-5-5,happy-dom-abort-pending-body-reads
37,21,contested,gpt-5-5,happy-dom-deterministic-intersectionobserver
37,14,rare,gpt-5-5,helm-array-merge-strategies
37,34,common,gpt-5-5,helm-unified-manifest-stream
37,35,common,gpt-5-5,httpx-deterministic-cookie-store
37,32,common,gpt-5-5,httpx-multipart-response-parsing
37,28,common,gpt-5-5,httpx-streaming-json-iteration
37,29,common,gpt-5-5,igel-persist-feature-schema
37,25,contested,gpt-5-5,ink-grid-box-layout
37,30,common,gpt-5-5,ipython-session-bundle-replay
37,22,contested,gpt-5-5,katex-multicolumn-array-spans
37,34,common,gpt-5-5,kcp-go-multiplexed-kcp-streams
37,20,contested,gpt-5-5,kea-atomic-signal-selectors
37,21,contested,gpt-5-5,kgateway-consistent-hash-policy
37,27,contested,gpt-5-5,kombu-single-active-consumer-priority
37,15,rare,gpt-5-5,kombu-virtual-queue-dead-lettering
37,19,contested,gpt-5-5,koota-composite-trait-aspects
37,16,rare,gpt-5-5,koota-deferred-mutation-buffer
37,33,common,gpt-5-5,koota-entity-snapshot-rollback
37,12,rare,gpt-5-5,koota-pair-relation-tracking
37,15,rare,gpt-5-5,koota-query-predicates
37,31,common,gpt-5-5,kysely-window-grouping-helpers
37,26,contested,gpt-5-5,langchain-request-coalescing
37,27,contested,gpt-5-5,mashumaro-flattened-dataclass-fields
37,16,rare,gpt-5-5,meriyah-explicit-resource-declarations
37,27,contested,gpt-5-5,mnamer-daemon-watch-lifecycle
37,28,common,gpt-5-5,mobly-grouped-test-barriers
37,34,common,gpt-5-5,narwhals-rolling-window-suite
37,31,common,gpt-5-5,numba-stencil-boundary-modes
37,1,rare,gpt-5-5,obsidian-linter-auto-table-of-contents
37,25,contested,gpt-5-5,obsidian-linter-link-format-conversion
37,32,common,gpt-5-5,obsidian-linter-scoped-ignore-markers
37,34,common,gpt-5-5,ofetch-per-origin-circuit-breaker
37,23,contested,gpt-5-5,onedump-dump-encryption-pipeline
37,33,common,gpt-5-5,opa-rego-rule-profiling
37,31,common,gpt-5-5,opa-template-string-reconstruction
37,18,rare,gpt-5-5,optique-conditional-option-dependencies
37,8,rare,gpt-5-5,oxvg-structural-selector-preservation
37,19,contested,gpt-5-5,participle-grammar-conflict-analysis
37,28,common,gpt-5-5,pebble-durability-wait-apis
37,14,rare,gpt-5-5,pest-character-class-coalescing
37,18,rare,gpt-5-5,prometheus-transactional-reload-status
37,29,common,gpt-5-5,prometheus-typed-label-sorting
37,33,common,gpt-5-5,psd-tools-blend-range-api
37,24,contested,gpt-5-5,pwntools-tube-multiplexing
37,18,rare,gpt-5-5,python-statemachine-state-data-scoping
37,36,common,gpt-5-5,query-persist-restored-query-state
37,23,contested,gpt-5-5,quill-shared-toolbar-focus
37,34,common,gpt-5-5,returns-validated-error-accumulation
37,33,common,gpt-5-5,scc-bounded-memory-spilling
37,27,contested,gpt-5-5,scriggo-method-declarations
37,29,common,gpt-5-5,skrub-duration-encoding
37,35,common,gpt-5-5,sql-formatter-bigquery-pipe-formatting
37,22,contested,gpt-5-5,sqlfmt-create-table-ddl-formatting
37,28,common,gpt-5-5,sqlite-utils-safe-import-checkpoints
37,19,contested,gpt-5-5,superjson-error-stack-serialization
37,34,common,gpt-5-5,task-task-graph-export
37,32,common,gpt-5-5,tengo-callable-instance-isolation
37,25,contested,gpt-5-5,tengo-destructuring-bindings
37,20,contested,gpt-5-5,termenv-preserve-ansi-resets
37,12,rare,gpt-5-5,testem-bail-on-test-failure
37,29,common,gpt-5-5,testem-per-launcher-reports
37,19,contested,gpt-5-5,textual-kitty-key-phases
37,31,common,gpt-5-5,textual-richlog-follow-state
37,29,common,gpt-5-5,tomlkit-toml-table-converters
37,36,common,gpt-5-5,true-myth-iterable-collection-combinators
37,36,common,gpt-5-5,ts-pattern-match-each
37,9,rare,gpt-5-5,updo-policy-alerting
37,32,common,gpt-5-5,valibot-recursive-schema-composition
37,32,common,gpt-5-5,vitest-duration-sharding
37,27,contested,gpt-5-5,vulture-persistent-analysis-cache
37,27,contested,gpt-5-5,wasmi-trap-coredumps
37,35,common,gpt-5-5,wazero-multi-module-snapshots
37,36,common,gpt-5-5,yaegi-go-embed-directives
37,34,common,gpt-5-5,yjs-map-conflict-detection
37,35,common,gpt-5-5,ytt-jsonpath-query-api
36,33,common,gpt-5-6-luna,abs-module-cache-flags
36,32,common,gpt-5-6-luna,abs-stepped-slices
36,36,common,gpt-5-6-luna,actionlint-action-pinning-lint
36,30,common,gpt-5-6-luna,adaptix-name-mapping-aliases
36,30,common,gpt-5-6-luna,aiomonitor-task-snapshots-diff
36,34,common,gpt-5-6-luna,anko-default-function-arguments
36,25,contested,gpt-5-6-luna,anko-typed-variable-bindings
36,32,common,gpt-5-6-luna,arcane-drift-detection-baselines
36,28,common,gpt-5-6-luna,arktype-json-schema-refs-dependencies
36,26,contested,gpt-5-6-luna,awilix-async-container-initialization
36,26,contested,gpt-5-6-luna,bandit-incremental-cache-control
36,29,common,gpt-5-6-luna,bandit-interprocedural-taint-checks
36,6,rare,gpt-5-6-luna,bandit-structured-nosec-directives
36,27,contested,gpt-5-6-luna,boa-hierarchical-evaluation-cancellation
36,32,common,gpt-5-6-luna,cattrs-partial-structuring-recovery
36,23,contested,gpt-5-6-luna,clack-async-autocomplete-options
36,33,common,gpt-5-6-luna,claude-code-by-agents-recursive-delegation
36,28,common,gpt-5-6-luna,cliffy-config-file-parsing
36,20,contested,gpt-5-6-luna,csstree-shorthand-expansion-compression
36,26,contested,gpt-5-6-luna,dasel-html-document-format
36,20,contested,gpt-5-6-luna,dateutil-rfc5545-timezone-interop
36,35,common,gpt-5-6-luna,drizzle-orm-window-function-builders
36,32,common,gpt-5-6-luna,dynamodb-toolbox-conditional-attribute-requirements
36,30,common,gpt-5-6-luna,dynamodb-toolbox-lazy-recursive-schemas
36,16,rare,gpt-5-6-luna,effect-sse-httpapi-streaming
36,19,contested,gpt-5-6-luna,eicrud-keyset-pagination-cursor
36,31,common,gpt-5-6-luna,etree-xml-diff-patch
36,18,rare,gpt-5-6-luna,expr-try-catch-errors
36,29,common,gpt-5-6-luna,fastapi-deprecation-response-headers
36,30,common,gpt-5-6-luna,fastapi-implicit-head-options
36,31,common,gpt-5-6-luna,fd-deterministic-multi-key-sorting
36,32,common,gpt-5-6-luna,geo-shapeindex-serialization
36,30,common,gpt-5-6-luna,go-critic-doc-link-checker
36,32,common,gpt-5-6-luna,go-genai-streamed-function-args
36,29,common,gpt-5-6-luna,go-git-worktree-merge-conflicts
36,36,common,gpt-5-6-luna,goreleaser-retry-publish-auditing
36,4,rare,gpt-5-6-luna,gql-incremental-graphql-delivery
36,36,common,gpt-5-6-luna,happy-dom-abort-pending-body-reads
36,22,contested,gpt-5-6-luna,happy-dom-deterministic-intersectionobserver
36,13,rare,gpt-5-6-luna,helm-array-merge-strategies
36,35,common,gpt-5-6-luna,helm-unified-manifest-stream
36,35,common,gpt-5-6-luna,httpx-deterministic-cookie-store
36,32,common,gpt-5-6-luna,httpx-multipart-response-parsing
36,29,common,gpt-5-6-luna,httpx-streaming-json-iteration
36,28,common,gpt-5-6-luna,igel-persist-feature-schema
36,26,contested,gpt-5-6-luna,ink-grid-box-layout
36,30,common,gpt-5-6-luna,ipython-session-bundle-replay
36,21,contested,gpt-5-6-luna,katex-multicolumn-array-spans
36,34,common,gpt-5-6-luna,kcp-go-multiplexed-kcp-streams
36,23,contested,gpt-5-6-luna,kea-atomic-signal-selectors
36,21,contested,gpt-5-6-luna,kgateway-consistent-hash-policy
36,27,contested,gpt-5-6-luna,kombu-single-active-consumer-priority
36,13,rare,gpt-5-6-luna,kombu-virtual-queue-dead-lettering
36,20,contested,gpt-5-6-luna,koota-composite-trait-aspects
36,16,rare,gpt-5-6-luna,koota-deferred-mutation-buffer
36,34,common,gpt-5-6-luna,koota-entity-snapshot-rollback
36,13,rare,gpt-5-6-luna,koota-pair-relation-tracking
36,17,rare,gpt-5-6-luna,koota-query-predicates
36,32,common,gpt-5-6-luna,kysely-window-grouping-helpers
36,25,contested,gpt-5-6-luna,langchain-request-coalescing
36,26,contested,gpt-5-6-luna,mashumaro-flattened-dataclass-fields
36,16,rare,gpt-5-6-luna,meriyah-explicit-resource-declarations
36,28,common,gpt-5-6-luna,mnamer-daemon-watch-lifecycle
36,29,common,gpt-5-6-luna,mobly-grouped-test-barriers
36,35,common,gpt-5-6-luna,narwhals-rolling-window-suite
36,31,common,gpt-5-6-luna,numba-stencil-boundary-modes
36,1,rare,gpt-5-6-luna,obsidian-linter-auto-table-of-contents
36,25,contested,gpt-5-6-luna,obsidian-linter-link-format-conversion
36,34,common,gpt-5-6-luna,obsidian-linter-scoped-ignore-markers
36,34,common,gpt-5-6-luna,ofetch-per-origin-circuit-breaker
36,24,contested,gpt-5-6-luna,onedump-dump-encryption-pipeline
36,32,common,gpt-5-6-luna,opa-rego-rule-profiling
36,31,common,gpt-5-6-luna,opa-template-string-reconstruction
36,18,rare,gpt-5-6-luna,optique-conditional-option-dependencies
36,9,rare,gpt-5-6-luna,oxvg-structural-selector-preservation
36,19,contested,gpt-5-6-luna,participle-grammar-conflict-analysis
36,28,common,gpt-5-6-luna,pebble-durability-wait-apis
36,16,rare,gpt-5-6-luna,pest-character-class-coalescing
36,18,rare,gpt-5-6-luna,prometheus-transactional-reload-status
36,30,common,gpt-5-6-luna,prometheus-typed-label-sorting
36,34,common,gpt-5-6-luna,psd-tools-blend-range-api
36,24,contested,gpt-5-6-luna,pwntools-tube-multiplexing
36,19,contested,gpt-5-6-luna,python-statemachine-state-data-scoping
36,35,common,gpt-5-6-luna,query-persist-restored-query-state
36,22,contested,gpt-5-6-luna,quill-shared-toolbar-focus
36,34,common,gpt-5-6-luna,returns-validated-error-accumulation
36,33,common,gpt-5-6-luna,scc-bounded-memory-spilling
36,27,contested,gpt-5-6-luna,scriggo-method-declarations
36,30,common,gpt-5-6-luna,skrub-duration-encoding
36,36,common,gpt-5-6-luna,sql-formatter-bigquery-pipe-formatting
36,22,contested,gpt-5-6-luna,sqlfmt-create-table-ddl-formatting
36,29,common,gpt-5-6-luna,sqlite-utils-safe-import-checkpoints
36,19,contested,gpt-5-6-luna,superjson-error-stack-serialization
36,34,common,gpt-5-6-luna,task-task-graph-export
36,32,common,gpt-5-6-luna,tengo-callable-instance-isolation
36,25,contested,gpt-5-6-luna,tengo-destructuring-bindings
36,19,contested,gpt-5-6-luna,termenv-preserve-ansi-resets
36,12,rare,gpt-5-6-luna,testem-bail-on-test-failure
36,29,common,gpt-5-6-luna,testem-per-launcher-reports
36,22,contested,gpt-5-6-luna,textual-kitty-key-phases
36,32,common,gpt-5-6-luna,textual-richlog-follow-state
36,29,common,gpt-5-6-luna,tomlkit-toml-table-converters
36,36,common,gpt-5-6-luna,true-myth-iterable-collection-combinators
36,36,common,gpt-5-6-luna,ts-pattern-match-each
36,8,rare,gpt-5-6-luna,updo-policy-alerting
36,31,common,gpt-5-6-luna,valibot-recursive-schema-composition
36,33,common,gpt-5-6-luna,vitest-duration-sharding
36,25,contested,gpt-5-6-luna,vulture-persistent-analysis-cache
36,28,common,gpt-5-6-luna,wasmi-trap-coredumps
36,34,common,gpt-5-6-luna,wazero-multi-module-snapshots
36,36,common,gpt-5-6-luna,yaegi-go-embed-directives
36,35,common,gpt-5-6-luna,yjs-map-conflict-detection
36,35,common,gpt-5-6-luna,ytt-jsonpath-query-api
36,32,common,gpt-5-6-sol,abs-module-cache-flags
36,31,common,gpt-5-6-sol,abs-stepped-slices
36,35,common,gpt-5-6-sol,actionlint-action-pinning-lint
36,26,contested,gpt-5-6-sol,adaptix-name-mapping-aliases
36,28,common,gpt-5-6-sol,aiomonitor-task-snapshots-diff
36,32,common,gpt-5-6-sol,anko-default-function-arguments
36,24,contested,gpt-5-6-sol,anko-typed-variable-bindings
36,31,common,gpt-5-6-sol,arcane-drift-detection-baselines
36,26,contested,gpt-5-6-sol,arktype-json-schema-refs-dependencies
36,23,contested,gpt-5-6-sol,awilix-async-container-initialization
36,24,contested,gpt-5-6-sol,bandit-incremental-cache-control
36,27,contested,gpt-5-6-sol,bandit-interprocedural-taint-checks
36,6,rare,gpt-5-6-sol,bandit-structured-nosec-directives
36,25,contested,gpt-5-6-sol,boa-hierarchical-evaluation-cancellation
36,30,common,gpt-5-6-sol,cattrs-partial-structuring-recovery
36,22,contested,gpt-5-6-sol,clack-async-autocomplete-options
36,33,common,gpt-5-6-sol,claude-code-by-agents-recursive-delegation
36,26,contested,gpt-5-6-sol,cliffy-config-file-parsing
36,18,rare,gpt-5-6-sol,csstree-shorthand-expansion-compression
36,23,contested,gpt-5-6-sol,dasel-html-document-format
36,18,rare,gpt-5-6-sol,dateutil-rfc5545-timezone-interop
36,34,common,gpt-5-6-sol,drizzle-orm-window-function-builders
36,30,common,gpt-5-6-sol,dynamodb-toolbox-conditional-attribute-requirements
36,29,common,gpt-5-6-sol,dynamodb-toolbox-lazy-recursive-schemas
36,13,rare,gpt-5-6-sol,effect-sse-httpapi-streaming
36,17,rare,gpt-5-6-sol,eicrud-keyset-pagination-cursor
36,30,common,gpt-5-6-sol,etree-xml-diff-patch
36,15,rare,gpt-5-6-sol,expr-try-catch-errors
36,27,contested,gpt-5-6-sol,fastapi-deprecation-response-headers
36,28,common,gpt-5-6-sol,fastapi-implicit-head-options
36,29,common,gpt-5-6-sol,fd-deterministic-multi-key-sorting
36,32,common,gpt-5-6-sol,geo-shapeindex-serialization
36,28,common,gpt-5-6-sol,go-critic-doc-link-checker
36,30,common,gpt-5-6-sol,go-genai-streamed-function-args
36,27,contested,gpt-5-6-sol,go-git-worktree-merge-conflicts
36,35,common,gpt-5-6-sol,goreleaser-retry-publish-auditing
36,4,rare,gpt-5-6-sol,gql-incremental-graphql-delivery
36,35,common,gpt-5-6-sol,happy-dom-abort-pending-body-reads
36,19,contested,gpt-5-6-sol,happy-dom-deterministic-intersectionobserver
36,13,rare,gpt-5-6-sol,helm-array-merge-strategies
36,33,common,gpt-5-6-sol,helm-unified-manifest-stream
36,34,common,gpt-5-6-sol,httpx-deterministic-cookie-store
36,31,common,gpt-5-6-sol,httpx-multipart-response-parsing
36,27,contested,gpt-5-6-sol,httpx-streaming-json-iteration
36,27,contested,gpt-5-6-sol,igel-persist-feature-schema
36,24,contested,gpt-5-6-sol,ink-grid-box-layout
36,29,common,gpt-5-6-sol,ipython-session-bundle-replay
36,18,rare,gpt-5-6-sol,katex-multicolumn-array-spans
36,33,common,gpt-5-6-sol,kcp-go-multiplexed-kcp-streams
36,18,rare,gpt-5-6-sol,kea-atomic-signal-selectors
36,23,contested,gpt-5-6-sol,kgateway-consistent-hash-policy
36,26,contested,gpt-5-6-sol,kombu-single-active-consumer-priority
36,13,rare,gpt-5-6-sol,kombu-virtual-queue-dead-lettering
36,18,rare,gpt-5-6-sol,koota-composite-trait-aspects
36,14,rare,gpt-5-6-sol,koota-deferred-mutation-buffer
36,32,common,gpt-5-6-sol,koota-entity-snapshot-rollback
36,15,rare,gpt-5-6-sol,koota-pair-relation-tracking
36,16,rare,gpt-5-6-sol,koota-query-predicates
36,30,common,gpt-5-6-sol,kysely-window-grouping-helpers
36,24,contested,gpt-5-6-sol,langchain-request-coalescing
36,24,contested,gpt-5-6-sol,mashumaro-flattened-dataclass-fields
36,16,rare,gpt-5-6-sol,meriyah-explicit-resource-declarations
36,26,contested,gpt-5-6-sol,mnamer-daemon-watch-lifecycle
36,27,contested,gpt-5-6-sol,mobly-grouped-test-barriers
36,33,common,gpt-5-6-sol,narwhals-rolling-window-suite
36,29,common,gpt-5-6-sol,numba-stencil-boundary-modes
36,1,rare,gpt-5-6-sol,obsidian-linter-auto-table-of-contents
36,24,contested,gpt-5-6-sol,obsidian-linter-link-format-conversion
36,31,common,gpt-5-6-sol,obsidian-linter-scoped-ignore-markers
36,33,common,gpt-5-6-sol,ofetch-per-origin-circuit-breaker
36,24,contested,gpt-5-6-sol,onedump-dump-encryption-pipeline
36,31,common,gpt-5-6-sol,opa-rego-rule-profiling
36,29,common,gpt-5-6-sol,opa-template-string-reconstruction
36,17,rare,gpt-5-6-sol,optique-conditional-option-dependencies
36,10,rare,gpt-5-6-sol,oxvg-structural-selector-preservation
36,19,contested,gpt-5-6-sol,participle-grammar-conflict-analysis
36,26,contested,gpt-5-6-sol,pebble-durability-wait-apis
36,16,rare,gpt-5-6-sol,pest-character-class-coalescing
36,21,contested,gpt-5-6-sol,prometheus-transactional-reload-status
36,28,common,gpt-5-6-sol,prometheus-typed-label-sorting
36,33,common,gpt-5-6-sol,psd-tools-blend-range-api
36,21,contested,gpt-5-6-sol,pwntools-tube-multiplexing
36,20,contested,gpt-5-6-sol,python-statemachine-state-data-scoping
36,35,common,gpt-5-6-sol,query-persist-restored-query-state
36,22,contested,gpt-5-6-sol,quill-shared-toolbar-focus
36,32,common,gpt-5-6-sol,returns-validated-error-accumulation
36,32,common,gpt-5-6-sol,scc-bounded-memory-spilling
36,25,contested,gpt-5-6-sol,scriggo-method-declarations
36,28,common,gpt-5-6-sol,skrub-duration-encoding
36,34,common,gpt-5-6-sol,sql-formatter-bigquery-pipe-formatting
36,24,contested,gpt-5-6-sol,sqlfmt-create-table-ddl-formatting
36,27,contested,gpt-5-6-sol,sqlite-utils-safe-import-checkpoints
36,17,rare,gpt-5-6-sol,superjson-error-stack-serialization
36,33,common,gpt-5-6-sol,task-task-graph-export
36,30,common,gpt-5-6-sol,tengo-callable-instance-isolation
36,23,contested,gpt-5-6-sol,tengo-destructuring-bindings
36,19,contested,gpt-5-6-sol,termenv-preserve-ansi-resets
36,13,rare,gpt-5-6-sol,testem-bail-on-test-failure
36,28,common,gpt-5-6-sol,testem-per-launcher-reports
36,17,rare,gpt-5-6-sol,textual-kitty-key-phases
36,30,common,gpt-5-6-sol,textual-richlog-follow-state
36,27,contested,gpt-5-6-sol,tomlkit-toml-table-converters
36,35,common,gpt-5-6-sol,true-myth-iterable-collection-combinators
36,35,common,gpt-5-6-sol,ts-pattern-match-each
36,6,rare,gpt-5-6-sol,updo-policy-alerting
36,30,common,gpt-5-6-sol,valibot-recursive-schema-composition
36,31,common,gpt-5-6-sol,vitest-duration-sharding
36,25,contested,gpt-5-6-sol,vulture-persistent-analysis-cache
36,26,contested,gpt-5-6-sol,wasmi-trap-coredumps
36,34,common,gpt-5-6-sol,wazero-multi-module-snapshots
36,35,common,gpt-5-6-sol,yaegi-go-embed-directives
36,33,common,gpt-5-6-sol,yjs-map-conflict-detection
36,34,common,gpt-5-6-sol,ytt-jsonpath-query-api
36,33,common,gpt-5-6-terra,abs-module-cache-flags
36,31,common,gpt-5-6-terra,abs-stepped-slices
36,35,common,gpt-5-6-terra,actionlint-action-pinning-lint
36,27,contested,gpt-5-6-terra,adaptix-name-mapping-aliases
36,30,common,gpt-5-6-terra,aiomonitor-task-snapshots-diff
36,33,common,gpt-5-6-terra,anko-default-function-arguments
36,24,contested,gpt-5-6-terra,anko-typed-variable-bindings
36,32,common,gpt-5-6-terra,arcane-drift-detection-baselines
36,27,contested,gpt-5-6-terra,arktype-json-schema-refs-dependencies
36,22,contested,gpt-5-6-terra,awilix-async-container-initialization
36,25,contested,gpt-5-6-terra,bandit-incremental-cache-control
36,29,common,gpt-5-6-terra,bandit-interprocedural-taint-checks
36,5,rare,gpt-5-6-terra,bandit-structured-nosec-directives
36,26,contested,gpt-5-6-terra,boa-hierarchical-evaluation-cancellation
36,30,common,gpt-5-6-terra,cattrs-partial-structuring-recovery
36,22,contested,gpt-5-6-terra,clack-async-autocomplete-options
36,33,common,gpt-5-6-terra,claude-code-by-agents-recursive-delegation
36,27,contested,gpt-5-6-terra,cliffy-config-file-parsing
36,19,contested,gpt-5-6-terra,csstree-shorthand-expansion-compression
36,26,contested,gpt-5-6-terra,dasel-html-document-format
36,20,contested,gpt-5-6-terra,dateutil-rfc5545-timezone-interop
36,34,common,gpt-5-6-terra,drizzle-orm-window-function-builders
36,32,common,gpt-5-6-terra,dynamodb-toolbox-conditional-attribute-requirements
36,31,common,gpt-5-6-terra,dynamodb-toolbox-lazy-recursive-schemas
36,15,rare,gpt-5-6-terra,effect-sse-httpapi-streaming
36,19,contested,gpt-5-6-terra,eicrud-keyset-pagination-cursor
36,31,common,gpt-5-6-terra,etree-xml-diff-patch
36,19,contested,gpt-5-6-terra,expr-try-catch-errors
36,27,contested,gpt-5-6-terra,fastapi-deprecation-response-headers
36,29,common,gpt-5-6-terra,fastapi-implicit-head-options
36,29,common,gpt-5-6-terra,fd-deterministic-multi-key-sorting
36,32,common,gpt-5-6-terra,geo-shapeindex-serialization
36,29,common,gpt-5-6-terra,go-critic-doc-link-checker
36,30,common,gpt-5-6-terra,go-genai-streamed-function-args
36,28,common,gpt-5-6-terra,go-git-worktree-merge-conflicts
36,35,common,gpt-5-6-terra,goreleaser-retry-publish-auditing
36,4,rare,gpt-5-6-terra,gql-incremental-graphql-delivery
36,35,common,gpt-5-6-terra,happy-dom-abort-pending-body-reads
36,22,contested,gpt-5-6-terra,happy-dom-deterministic-intersectionobserver
36,14,rare,gpt-5-6-terra,helm-array-merge-strategies
36,33,common,gpt-5-6-terra,helm-unified-manifest-stream
36,34,common,gpt-5-6-terra,httpx-deterministic-cookie-store
36,31,common,gpt-5-6-terra,httpx-multipart-response-parsing
36,27,contested,gpt-5-6-terra,httpx-streaming-json-iteration
36,28,common,gpt-5-6-terra,igel-persist-feature-schema
36,24,contested,gpt-5-6-terra,ink-grid-box-layout
36,29,common,gpt-5-6-terra,ipython-session-bundle-replay
36,20,contested,gpt-5-6-terra,katex-multicolumn-array-spans
36,33,common,gpt-5-6-terra,kcp-go-multiplexed-kcp-streams
36,21,contested,gpt-5-6-terra,kea-atomic-signal-selectors
36,23,contested,gpt-5-6-terra,kgateway-consistent-hash-policy
36,27,contested,gpt-5-6-terra,kombu-single-active-consumer-priority
36,14,rare,gpt-5-6-terra,kombu-virtual-queue-dead-lettering
36,19,contested,gpt-5-6-terra,koota-composite-trait-aspects
36,16,rare,gpt-5-6-terra,koota-deferred-mutation-buffer
36,33,common,gpt-5-6-terra,koota-entity-snapshot-rollback
36,15,rare,gpt-5-6-terra,koota-pair-relation-tracking
36,16,rare,gpt-5-6-terra,koota-query-predicates
36,30,common,gpt-5-6-terra,kysely-window-grouping-helpers
36,24,contested,gpt-5-6-terra,langchain-request-coalescing
36,24,contested,gpt-5-6-terra,mashumaro-flattened-dataclass-fields
36,14,rare,gpt-5-6-terra,meriyah-explicit-resource-declarations
36,27,contested,gpt-5-6-terra,mnamer-daemon-watch-lifecycle
36,29,common,gpt-5-6-terra,mobly-grouped-test-barriers
36,33,common,gpt-5-6-terra,narwhals-rolling-window-suite
36,29,common,gpt-5-6-terra,numba-stencil-boundary-modes
36,1,rare,gpt-5-6-terra,obsidian-linter-auto-table-of-contents
36,24,contested,gpt-5-6-terra,obsidian-linter-link-format-conversion
36,32,common,gpt-5-6-terra,obsidian-linter-scoped-ignore-markers
36,33,common,gpt-5-6-terra,ofetch-per-origin-circuit-breaker
36,22,contested,gpt-5-6-terra,onedump-dump-encryption-pipeline
36,32,common,gpt-5-6-terra,opa-rego-rule-profiling
36,31,common,gpt-5-6-terra,opa-template-string-reconstruction
36,17,rare,gpt-5-6-terra,optique-conditional-option-dependencies
36,10,rare,gpt-5-6-terra,oxvg-structural-selector-preservation
36,17,rare,gpt-5-6-terra,participle-grammar-conflict-analysis
36,28,common,gpt-5-6-terra,pebble-durability-wait-apis
36,15,rare,gpt-5-6-terra,pest-character-class-coalescing
36,17,rare,gpt-5-6-terra,prometheus-transactional-reload-status
36,28,common,gpt-5-6-terra,prometheus-typed-label-sorting
36,32,common,gpt-5-6-terra,psd-tools-blend-range-api
36,22,contested,gpt-5-6-terra,pwntools-tube-multiplexing
36,20,contested,gpt-5-6-terra,python-statemachine-state-data-scoping
36,35,common,gpt-5-6-terra,query-persist-restored-query-state
36,21,contested,gpt-5-6-terra,quill-shared-toolbar-focus
36,32,common,gpt-5-6-terra,returns-validated-error-accumulation
36,33,common,gpt-5-6-terra,scc-bounded-memory-spilling
36,26,contested,gpt-5-6-terra,scriggo-method-declarations
36,29,common,gpt-5-6-terra,skrub-duration-encoding
36,34,common,gpt-5-6-terra,sql-formatter-bigquery-pipe-formatting
36,23,contested,gpt-5-6-terra,sqlfmt-create-table-ddl-formatting
36,28,common,gpt-5-6-terra,sqlite-utils-safe-import-checkpoints
36,17,rare,gpt-5-6-terra,superjson-error-stack-serialization
36,33,common,gpt-5-6-terra,task-task-graph-export
36,30,common,gpt-5-6-terra,tengo-callable-instance-isolation
36,25,contested,gpt-5-6-terra,tengo-destructuring-bindings
36,18,rare,gpt-5-6-terra,termenv-preserve-ansi-resets
36,13,rare,gpt-5-6-terra,testem-bail-on-test-failure
36,29,common,gpt-5-6-terra,testem-per-launcher-reports
36,21,contested,gpt-5-6-terra,textual-kitty-key-phases
36,30,common,gpt-5-6-terra,textual-richlog-follow-state
36,29,common,gpt-5-6-terra,tomlkit-toml-table-converters
36,35,common,gpt-5-6-terra,true-myth-iterable-collection-combinators
36,35,common,gpt-5-6-terra,ts-pattern-match-each
36,10,rare,gpt-5-6-terra,updo-policy-alerting
36,31,common,gpt-5-6-terra,valibot-recursive-schema-composition
36,32,common,gpt-5-6-terra,vitest-duration-sharding
36,25,contested,gpt-5-6-terra,vulture-persistent-analysis-cache
36,28,common,gpt-5-6-terra,wasmi-trap-coredumps
36,34,common,gpt-5-6-terra,wazero-multi-module-snapshots
36,35,common,gpt-5-6-terra,yaegi-go-embed-directives
36,33,common,gpt-5-6-terra,yjs-map-conflict-detection
36,34,common,gpt-5-6-terra,ytt-jsonpath-query-api
40,36,common,kimi-k2-7-code,abs-module-cache-flags
40,35,common,kimi-k2-7-code,abs-stepped-slices
40,39,common,kimi-k2-7-code,actionlint-action-pinning-lint
40,31,common,kimi-k2-7-code,adaptix-name-mapping-aliases
40,32,common,kimi-k2-7-code,aiomonitor-task-snapshots-diff
40,36,common,kimi-k2-7-code,anko-default-function-arguments
40,27,contested,kimi-k2-7-code,anko-typed-variable-bindings
40,35,common,kimi-k2-7-code,arcane-drift-detection-baselines
40,30,contested,kimi-k2-7-code,arktype-json-schema-refs-dependencies
40,26,contested,kimi-k2-7-code,awilix-async-container-initialization
40,29,contested,kimi-k2-7-code,bandit-incremental-cache-control
40,32,common,kimi-k2-7-code,bandit-interprocedural-taint-checks
40,6,rare,kimi-k2-7-code,bandit-structured-nosec-directives
40,29,contested,kimi-k2-7-code,boa-hierarchical-evaluation-cancellation
40,34,common,kimi-k2-7-code,cattrs-partial-structuring-recovery
40,24,contested,kimi-k2-7-code,clack-async-autocomplete-options
40,37,common,kimi-k2-7-code,claude-code-by-agents-recursive-delegation
40,31,common,kimi-k2-7-code,cliffy-config-file-parsing
40,22,contested,kimi-k2-7-code,csstree-shorthand-expansion-compression
40,27,contested,kimi-k2-7-code,dasel-html-document-format
40,23,contested,kimi-k2-7-code,dateutil-rfc5545-timezone-interop
40,38,common,kimi-k2-7-code,drizzle-orm-window-function-builders
40,34,common,kimi-k2-7-code,dynamodb-toolbox-conditional-attribute-requirements
40,33,common,kimi-k2-7-code,dynamodb-toolbox-lazy-recursive-schemas
40,17,rare,kimi-k2-7-code,effect-sse-httpapi-streaming
40,19,rare,kimi-k2-7-code,eicrud-keyset-pagination-cursor
40,33,common,kimi-k2-7-code,etree-xml-diff-patch
40,20,rare,kimi-k2-7-code,expr-try-catch-errors
40,31,common,kimi-k2-7-code,fastapi-deprecation-response-headers
40,32,common,kimi-k2-7-code,fastapi-implicit-head-options
40,34,common,kimi-k2-7-code,fd-deterministic-multi-key-sorting
40,36,common,kimi-k2-7-code,geo-shapeindex-serialization
40,32,common,kimi-k2-7-code,go-critic-doc-link-checker
40,34,common,kimi-k2-7-code,go-genai-streamed-function-args
40,31,common,kimi-k2-7-code,go-git-worktree-merge-conflicts
40,39,common,kimi-k2-7-code,goreleaser-retry-publish-auditing
40,4,rare,kimi-k2-7-code,gql-incremental-graphql-delivery
40,39,common,kimi-k2-7-code,happy-dom-abort-pending-body-reads
40,24,contested,kimi-k2-7-code,happy-dom-deterministic-intersectionobserver
40,13,rare,kimi-k2-7-code,helm-array-merge-strategies
40,37,common,kimi-k2-7-code,helm-unified-manifest-stream
40,38,common,kimi-k2-7-code,httpx-deterministic-cookie-store
40,35,common,kimi-k2-7-code,httpx-multipart-response-parsing
40,31,common,kimi-k2-7-code,httpx-streaming-json-iteration
40,31,common,kimi-k2-7-code,igel-persist-feature-schema
40,27,contested,kimi-k2-7-code,ink-grid-box-layout
40,34,common,kimi-k2-7-code,ipython-session-bundle-replay
40,23,contested,kimi-k2-7-code,katex-multicolumn-array-spans
40,37,common,kimi-k2-7-code,kcp-go-multiplexed-kcp-streams
40,23,contested,kimi-k2-7-code,kea-atomic-signal-selectors
40,25,contested,kimi-k2-7-code,kgateway-consistent-hash-policy
40,30,contested,kimi-k2-7-code,kombu-single-active-consumer-priority
40,15,rare,kimi-k2-7-code,kombu-virtual-queue-dead-lettering
40,22,contested,kimi-k2-7-code,koota-composite-trait-aspects
40,19,rare,kimi-k2-7-code,koota-deferred-mutation-buffer
40,36,common,kimi-k2-7-code,koota-entity-snapshot-rollback
40,15,rare,kimi-k2-7-code,koota-pair-relation-tracking
40,17,rare,kimi-k2-7-code,koota-query-predicates
40,35,common,kimi-k2-7-code,kysely-window-grouping-helpers
40,27,contested,kimi-k2-7-code,langchain-request-coalescing
40,28,contested,kimi-k2-7-code,mashumaro-flattened-dataclass-fields
40,19,rare,kimi-k2-7-code,meriyah-explicit-resource-declarations
40,30,contested,kimi-k2-7-code,mnamer-daemon-watch-lifecycle
40,32,common,kimi-k2-7-code,mobly-grouped-test-barriers
40,37,common,kimi-k2-7-code,narwhals-rolling-window-suite
40,33,common,kimi-k2-7-code,numba-stencil-boundary-modes
40,1,rare,kimi-k2-7-code,obsidian-linter-auto-table-of-contents
40,27,contested,kimi-k2-7-code,obsidian-linter-link-format-conversion
40,35,common,kimi-k2-7-code,obsidian-linter-scoped-ignore-markers
40,37,common,kimi-k2-7-code,ofetch-per-origin-circuit-breaker
40,24,contested,kimi-k2-7-code,onedump-dump-encryption-pipeline
40,35,common,kimi-k2-7-code,opa-rego-rule-profiling
40,33,common,kimi-k2-7-code,opa-template-string-reconstruction
40,20,rare,kimi-k2-7-code,optique-conditional-option-dependencies
40,9,rare,kimi-k2-7-code,oxvg-structural-selector-preservation
40,19,rare,kimi-k2-7-code,participle-grammar-conflict-analysis
40,31,common,kimi-k2-7-code,pebble-durability-wait-apis
40,16,rare,kimi-k2-7-code,pest-character-class-coalescing
40,21,contested,kimi-k2-7-code,prometheus-transactional-reload-status
40,33,common,kimi-k2-7-code,prometheus-typed-label-sorting
40,36,common,kimi-k2-7-code,psd-tools-blend-range-api
40,26,contested,kimi-k2-7-code,pwntools-tube-multiplexing
40,20,rare,kimi-k2-7-code,python-statemachine-state-data-scoping
40,39,common,kimi-k2-7-code,query-persist-restored-query-state
40,25,contested,kimi-k2-7-code,quill-shared-toolbar-focus
40,36,common,kimi-k2-7-code,returns-validated-error-accumulation
40,36,common,kimi-k2-7-code,scc-bounded-memory-spilling
40,29,contested,kimi-k2-7-code,scriggo-method-declarations
40,31,common,kimi-k2-7-code,skrub-duration-encoding
40,38,common,kimi-k2-7-code,sql-formatter-bigquery-pipe-formatting
40,25,contested,kimi-k2-7-code,sqlfmt-create-table-ddl-formatting
40,31,common,kimi-k2-7-code,sqlite-utils-safe-import-checkpoints
40,22,contested,kimi-k2-7-code,superjson-error-stack-serialization
40,37,common,kimi-k2-7-code,task-task-graph-export
40,34,common,kimi-k2-7-code,tengo-callable-instance-isolation
40,28,contested,kimi-k2-7-code,tengo-destructuring-bindings
40,22,contested,kimi-k2-7-code,termenv-preserve-ansi-resets
40,13,rare,kimi-k2-7-code,testem-bail-on-test-failure
40,31,common,kimi-k2-7-code,testem-per-launcher-reports
40,22,contested,kimi-k2-7-code,textual-kitty-key-phases
40,34,common,kimi-k2-7-code,textual-richlog-follow-state
40,30,contested,kimi-k2-7-code,tomlkit-toml-table-converters
40,39,common,kimi-k2-7-code,true-myth-iterable-collection-combinators
40,39,common,kimi-k2-7-code,ts-pattern-match-each
40,11,rare,kimi-k2-7-code,updo-policy-alerting
40,34,common,kimi-k2-7-code,valibot-recursive-schema-composition
40,35,common,kimi-k2-7-code,vitest-duration-sharding
40,28,contested,kimi-k2-7-code,vulture-persistent-analysis-cache
40,30,contested,kimi-k2-7-code,wasmi-trap-coredumps
40,38,common,kimi-k2-7-code,wazero-multi-module-snapshots
40,39,common,kimi-k2-7-code,yaegi-go-embed-directives
40,37,common,kimi-k2-7-code,yjs-map-conflict-detection
40,38,common,kimi-k2-7-code,ytt-jsonpath-query-api
